[2026-09-26 09:40:29] local.ERROR: Please provide a valid cache path. {"exception":"[object] (InvalidArgumentException(code: 0): Please provide a valid cache path. at /var/www/html/vendor/laravel/framework/src/Illuminate/View/Compilers/Compiler.php:75)
[stacktrace]
#0 /var/www/html/vendor/laravel/framework/src/Illuminate/View/ViewServiceProvider.php(97): Illuminate\\View\\Compilers\\Compiler->__construct()
#1 /var/www/html/vendor/laravel/framework/src/Illuminate/Container/Container.php(1118): Illuminate\\View\\ViewServiceProvider->{closure:Illuminate\\View\\ViewServiceProvider::registerBladeCompiler():96}()
#2 /var/www/html/vendor/laravel/framework/src/Illuminate/Container/Container.php(936): Illuminate\\Container\\Container->build()
#3 /var/www/html/vendor/laravel/framework/src/Illuminate/Foundation/Application.php(1078): Illuminate\\Container\\Container->resolve()
#4 /var/www/html/vendor/laravel/framework/src/Illuminate/Container/Container.php(864): Illuminate\\Foundation\\Application->resolve()
#5 /var/www/html/vendor/laravel/framework/src/Illuminate/Foundation/Application.php(1058): Illuminate\\Container\\Container->make()
#6 /var/www/html/vendor/laravel/framework/src/Illuminate/Container/Container.php(1810): Illuminate\\Foundation\\Application->make()
#7 /var/www/html/vendor/laravel/framework/src/Illuminate/Support/Facades/Facade.php(240): Illuminate\\Container\\Container->offsetGet()
#8 /var/www/html/vendor/laravel/framework/src/Illuminate/Support/Facades/Facade.php(211): Illuminate\\Support\\Facades\\Facade::resolveFacadeInstance()
#9 /var/www/html/vendor/laravel/framework/src/Illuminate/Support/Facades/Facade.php(357): Illuminate\\Support\\Facades\\Facade::getFacadeRoot()
#10 /var/www/html/vendor/livewire/flux/src/FluxServiceProvider.php(41): Illuminate\\Support\\Facades\\Facade::__callStatic()
#11 /var/www/html/vendor/livewire/flux/src/FluxServiceProvider.php(24): Flux\\FluxServiceProvider->bootComponentPath()
#12 /var/www/html/vendor/laravel/framework/src/Illuminate/Container/BoundMethod.php(36): Flux\\FluxServiceProvider->boot()
#13 /var/www/html/vendor/laravel/framework/src/Illuminate/Container/Util.php(43): Illuminate\\Container\\BoundMethod::{closure:Illuminate\\Container\\BoundMethod::call():35}()
#14 /var/www/html/vendor/laravel/framework/src/Illuminate/Container/BoundMethod.php(96): Illuminate\\Container\\Util::unwrapIfClosure()
#15 /var/www/html/vendor/laravel/framework/src/Illuminate/Container/BoundMethod.php(35): Illuminate\\Container\\BoundMethod::callBoundMethod()
#16 /var/www/html/vendor/laravel/framework/src/Illuminate/Container/Container.php(799): Illuminate\\Container\\BoundMethod::call()
#17 /var/www/html/vendor/laravel/framework/src/Illuminate/Foundation/Application.php(1151): Illuminate\\Container\\Container->call()
#18 /var/www/html/vendor/laravel/framework/src/Illuminate/Foundation/Application.php(1132): Illuminate\\Foundation\\Application->bootProvider()
#19 [internal function]: Illuminate\\Foundation\\Application->{closure:Illuminate\\Foundation\\Application::boot():1131}()
#20 /var/www/html/vendor/laravel/framework/src/Illuminate/Foundation/Application.php(1131): array_walk()
#21 /var/www/html/vendor/laravel/framework/src/Illuminate/Foundation/Bootstrap/BootProviders.php(17): Illuminate\\Foundation\\Application->boot()
#22 /var/www/html/vendor/laravel/framework/src/Illuminate/Foundation/Application.php(342): Illuminate\\Foundation\\Bootstrap\\BootProviders->bootstrap()
#23 /var/www/html/vendor/laravel/framework/src/Illuminate/Foundation/Console/Kernel.php(494): Illuminate\\Foundation\\Application->bootstrapWith()
#24 /var/www/html/vendor/laravel/framework/src/Illuminate/Foundation/Console/Kernel.php(196): Illuminate\\Foundation\\Console\\Kernel->bootstrap()
#25 /var/www/html/vendor/laravel/framework/src/Illuminate/Foundation/Application.php(1235): Illuminate\\Foundation\\Console\\Kernel->handle()
#26 /var/www/html/artisan(16): Illuminate\\Foundation\\Application->handleCommand()
#27 {main}
"} 
[2026-09-26 09:40:30] local.ERROR: Please provide a valid cache path. {"exception":"[object] (InvalidArgumentException(code: 0): Please provide a valid cache path. at /var/www/html/vendor/laravel/framework/src/Illuminate/View/Compilers/Compiler.php:75)
[stacktrace]
#0 /var/www/html/vendor/laravel/framework/src/Illuminate/View/ViewServiceProvider.php(97): Illuminate\\View\\Compilers\\Compiler->__construct()
#1 /var/www/html/vendor/laravel/framework/src/Illuminate/Container/Container.php(1118): Illuminate\\View\\ViewServiceProvider->{closure:Illuminate\\View\\ViewServiceProvider::registerBladeCompiler():96}()
#2 /var/www/html/vendor/laravel/framework/src/Illuminate/Container/Container.php(936): Illuminate\\Container\\Container->build()
#3 /var/www/html/vendor/laravel/framework/src/Illuminate/Foundation/Application.php(1078): Illuminate\\Container\\Container->resolve()
#4 /var/www/html/vendor/laravel/framework/src/Illuminate/Container/Container.php(864): Illuminate\\Foundation\\Application->resolve()
#5 /var/www/html/vendor/laravel/framework/src/Illuminate/Foundation/Application.php(1058): Illuminate\\Container\\Container->make()
#6 /var/www/html/vendor/laravel/framework/src/Illuminate/Container/Container.php(1810): Illuminate\\Foundation\\Application->make()
#7 /var/www/html/vendor/laravel/framework/src/Illuminate/Support/Facades/Facade.php(240): Illuminate\\Container\\Container->offsetGet()
#8 /var/www/html/vendor/laravel/framework/src/Illuminate/Support/Facades/Facade.php(211): Illuminate\\Support\\Facades\\Facade::resolveFacadeInstance()
#9 /var/www/html/vendor/laravel/framework/src/Illuminate/Support/Facades/Facade.php(357): Illuminate\\Support\\Facades\\Facade::getFacadeRoot()
#10 /var/www/html/vendor/livewire/flux/src/FluxServiceProvider.php(41): Illuminate\\Support\\Facades\\Facade::__callStatic()
#11 /var/www/html/vendor/livewire/flux/src/FluxServiceProvider.php(24): Flux\\FluxServiceProvider->bootComponentPath()
#12 /var/www/html/vendor/laravel/framework/src/Illuminate/Container/BoundMethod.php(36): Flux\\FluxServiceProvider->boot()
#13 /var/www/html/vendor/laravel/framework/src/Illuminate/Container/Util.php(43): Illuminate\\Container\\BoundMethod::{closure:Illuminate\\Container\\BoundMethod::call():35}()
#14 /var/www/html/vendor/laravel/framework/src/Illuminate/Container/BoundMethod.php(96): Illuminate\\Container\\Util::unwrapIfClosure()
#15 /var/www/html/vendor/laravel/framework/src/Illuminate/Container/BoundMethod.php(35): Illuminate\\Container\\BoundMethod::callBoundMethod()
#16 /var/www/html/vendor/laravel/framework/src/Illuminate/Container/Container.php(799): Illuminate\\Container\\BoundMethod::call()
#17 /var/www/html/vendor/laravel/framework/src/Illuminate/Foundation/Application.php(1151): Illuminate\\Container\\Container->call()
#18 /var/www/html/vendor/laravel/framework/src/Illuminate/Foundation/Application.php(1132): Illuminate\\Foundation\\Application->bootProvider()
#19 [internal function]: Illuminate\\Foundation\\Application->{closure:Illuminate\\Foundation\\Application::boot():1131}()
#20 /var/www/html/vendor/laravel/framework/src/Illuminate/Foundation/Application.php(1131): array_walk()
#21 /var/www/html/vendor/laravel/framework/src/Illuminate/Foundation/Bootstrap/BootProviders.php(17): Illuminate\\Foundation\\Application->boot()
#22 /var/www/html/vendor/laravel/framework/src/Illuminate/Foundation/Application.php(342): Illuminate\\Foundation\\Bootstrap\\BootProviders->bootstrap()
#23 /var/www/html/vendor/laravel/framework/src/Illuminate/Foundation/Console/Kernel.php(494): Illuminate\\Foundation\\Application->bootstrapWith()
#24 /var/www/html/vendor/laravel/framework/src/Illuminate/Foundation/Console/Kernel.php(196): Illuminate\\Foundation\\Console\\Kernel->bootstrap()
#25 /var/www/html/vendor/laravel/framework/src/Illuminate/Foundation/Application.php(1235): Illuminate\\Foundation\\Console\\Kernel->handle()
#26 /var/www/html/artisan(16): Illuminate\\Foundation\\Application->handleCommand()
#27 {main}
"} 
[2026-09-26 09:40:33] local.ERROR: Please provide a valid cache path. {"exception":"[object] (InvalidArgumentException(code: 0): Please provide a valid cache path. at /var/www/html/vendor/laravel/framework/src/Illuminate/View/Compilers/Compiler.php:75)
[stacktrace]
#0 /var/www/html/vendor/laravel/framework/src/Illuminate/View/ViewServiceProvider.php(97): Illuminate\\View\\Compilers\\Compiler->__construct()
#1 /var/www/html/vendor/laravel/framework/src/Illuminate/Container/Container.php(1118): Illuminate\\View\\ViewServiceProvider->{closure:Illuminate\\View\\ViewServiceProvider::registerBladeCompiler():96}()
#2 /var/www/html/vendor/laravel/framework/src/Illuminate/Container/Container.php(936): Illuminate\\Container\\Container->build()
#3 /var/www/html/vendor/laravel/framework/src/Illuminate/Foundation/Application.php(1078): Illuminate\\Container\\Container->resolve()
#4 /var/www/html/vendor/laravel/framework/src/Illuminate/Container/Container.php(864): Illuminate\\Foundation\\Application->resolve()
#5 /var/www/html/vendor/laravel/framework/src/Illuminate/Foundation/Application.php(1058): Illuminate\\Container\\Container->make()
#6 /var/www/html/vendor/laravel/framework/src/Illuminate/Container/Container.php(1810): Illuminate\\Foundation\\Application->make()
#7 /var/www/html/vendor/laravel/framework/src/Illuminate/Support/Facades/Facade.php(240): Illuminate\\Container\\Container->offsetGet()
#8 /var/www/html/vendor/laravel/framework/src/Illuminate/Support/Facades/Facade.php(211): Illuminate\\Support\\Facades\\Facade::resolveFacadeInstance()
#9 /var/www/html/vendor/laravel/framework/src/Illuminate/Support/Facades/Facade.php(357): Illuminate\\Support\\Facades\\Facade::getFacadeRoot()
#10 /var/www/html/vendor/livewire/flux/src/FluxServiceProvider.php(41): Illuminate\\Support\\Facades\\Facade::__callStatic()
#11 /var/www/html/vendor/livewire/flux/src/FluxServiceProvider.php(24): Flux\\FluxServiceProvider->bootComponentPath()
#12 /var/www/html/vendor/laravel/framework/src/Illuminate/Container/BoundMethod.php(36): Flux\\FluxServiceProvider->boot()
#13 /var/www/html/vendor/laravel/framework/src/Illuminate/Container/Util.php(43): Illuminate\\Container\\BoundMethod::{closure:Illuminate\\Container\\BoundMethod::call():35}()
#14 /var/www/html/vendor/laravel/framework/src/Illuminate/Container/BoundMethod.php(96): Illuminate\\Container\\Util::unwrapIfClosure()
#15 /var/www/html/vendor/laravel/framework/src/Illuminate/Container/BoundMethod.php(35): Illuminate\\Container\\BoundMethod::callBoundMethod()
#16 /var/www/html/vendor/laravel/framework/src/Illuminate/Container/Container.php(799): Illuminate\\Container\\BoundMethod::call()
#17 /var/www/html/vendor/laravel/framework/src/Illuminate/Foundation/Application.php(1151): Illuminate\\Container\\Container->call()
#18 /var/www/html/vendor/laravel/framework/src/Illuminate/Foundation/Application.php(1132): Illuminate\\Foundation\\Application->bootProvider()
#19 [internal function]: Illuminate\\Foundation\\Application->{closure:Illuminate\\Foundation\\Application::boot():1131}()
#20 /var/www/html/vendor/laravel/framework/src/Illuminate/Foundation/Application.php(1131): array_walk()
#21 /var/www/html/vendor/laravel/framework/src/Illuminate/Foundation/Bootstrap/BootProviders.php(17): Illuminate\\Foundation\\Application->boot()
#22 /var/www/html/vendor/laravel/framework/src/Illuminate/Foundation/Application.php(342): Illuminate\\Foundation\\Bootstrap\\BootProviders->bootstrap()
#23 /var/www/html/vendor/laravel/framework/src/Illuminate/Foundation/Console/Kernel.php(494): Illuminate\\Foundation\\Application->bootstrapWith()
#24 /var/www/html/vendor/laravel/framework/src/Illuminate/Foundation/Console/Kernel.php(196): Illuminate\\Foundation\\Console\\Kernel->bootstrap()
#25 /var/www/html/vendor/laravel/framework/src/Illuminate/Foundation/Application.php(1235): Illuminate\\Foundation\\Console\\Kernel->handle()
#26 /var/www/html/artisan(16): Illuminate\\Foundation\\Application->handleCommand()
#27 {main}
"} 
[2026-09-26 09:40:36] local.ERROR: Please provide a valid cache path. {"exception":"[object] (InvalidArgumentException(code: 0): Please provide a valid cache path. at /var/www/html/vendor/laravel/framework/src/Illuminate/View/Compilers/Compiler.php:75)
[stacktrace]
#0 /var/www/html/vendor/laravel/framework/src/Illuminate/View/ViewServiceProvider.php(97): Illuminate\\View\\Compilers\\Compiler->__construct()
#1 /var/www/html/vendor/laravel/framework/src/Illuminate/Container/Container.php(1118): Illuminate\\View\\ViewServiceProvider->{closure:Illuminate\\View\\ViewServiceProvider::registerBladeCompiler():96}()
#2 /var/www/html/vendor/laravel/framework/src/Illuminate/Container/Container.php(936): Illuminate\\Container\\Container->build()
#3 /var/www/html/vendor/laravel/framework/src/Illuminate/Foundation/Application.php(1078): Illuminate\\Container\\Container->resolve()
#4 /var/www/html/vendor/laravel/framework/src/Illuminate/Container/Container.php(864): Illuminate\\Foundation\\Application->resolve()
#5 /var/www/html/vendor/laravel/framework/src/Illuminate/Foundation/Application.php(1058): Illuminate\\Container\\Container->make()
#6 /var/www/html/vendor/laravel/framework/src/Illuminate/Container/Container.php(1810): Illuminate\\Foundation\\Application->make()
#7 /var/www/html/vendor/laravel/framework/src/Illuminate/Support/Facades/Facade.php(240): Illuminate\\Container\\Container->offsetGet()
#8 /var/www/html/vendor/laravel/framework/src/Illuminate/Support/Facades/Facade.php(211): Illuminate\\Support\\Facades\\Facade::resolveFacadeInstance()
#9 /var/www/html/vendor/laravel/framework/src/Illuminate/Support/Facades/Facade.php(357): Illuminate\\Support\\Facades\\Facade::getFacadeRoot()
#10 /var/www/html/vendor/livewire/flux/src/FluxServiceProvider.php(41): Illuminate\\Support\\Facades\\Facade::__callStatic()
#11 /var/www/html/vendor/livewire/flux/src/FluxServiceProvider.php(24): Flux\\FluxServiceProvider->bootComponentPath()
#12 /var/www/html/vendor/laravel/framework/src/Illuminate/Container/BoundMethod.php(36): Flux\\FluxServiceProvider->boot()
#13 /var/www/html/vendor/laravel/framework/src/Illuminate/Container/Util.php(43): Illuminate\\Container\\BoundMethod::{closure:Illuminate\\Container\\BoundMethod::call():35}()
#14 /var/www/html/vendor/laravel/framework/src/Illuminate/Container/BoundMethod.php(96): Illuminate\\Container\\Util::unwrapIfClosure()
#15 /var/www/html/vendor/laravel/framework/src/Illuminate/Container/BoundMethod.php(35): Illuminate\\Container\\BoundMethod::callBoundMethod()
#16 /var/www/html/vendor/laravel/framework/src/Illuminate/Container/Container.php(799): Illuminate\\Container\\BoundMethod::call()
#17 /var/www/html/vendor/laravel/framework/src/Illuminate/Foundation/Application.php(1151): Illuminate\\Container\\Container->call()
#18 /var/www/html/vendor/laravel/framework/src/Illuminate/Foundation/Application.php(1132): Illuminate\\Foundation\\Application->bootProvider()
#19 [internal function]: Illuminate\\Foundation\\Application->{closure:Illuminate\\Foundation\\Application::boot():1131}()
#20 /var/www/html/vendor/laravel/framework/src/Illuminate/Foundation/Application.php(1131): array_walk()
#21 /var/www/html/vendor/laravel/framework/src/Illuminate/Foundation/Bootstrap/BootProviders.php(17): Illuminate\\Foundation\\Application->boot()
#22 /var/www/html/vendor/laravel/framework/src/Illuminate/Foundation/Application.php(342): Illuminate\\Foundation\\Bootstrap\\BootProviders->bootstrap()
#23 /var/www/html/vendor/laravel/framework/src/Illuminate/Foundation/Console/Kernel.php(494): Illuminate\\Foundation\\Application->bootstrapWith()
#24 /var/www/html/vendor/laravel/framework/src/Illuminate/Foundation/Console/Kernel.php(196): Illuminate\\Foundation\\Console\\Kernel->bootstrap()
#25 /var/www/html/vendor/laravel/framework/src/Illuminate/Foundation/Application.php(1235): Illuminate\\Foundation\\Console\\Kernel->handle()
#26 /var/www/html/artisan(16): Illuminate\\Foundation\\Application->handleCommand()
#27 {main}
"} 
[2026-09-26 09:40:36] local.ERROR: Please provide a valid cache path. {"exception":"[object] (InvalidArgumentException(code: 0): Please provide a valid cache path. at /var/www/html/vendor/laravel/framework/src/Illuminate/View/Compilers/Compiler.php:75)
[stacktrace]
#0 /var/www/html/vendor/laravel/framework/src/Illuminate/View/ViewServiceProvider.php(97): Illuminate\\View\\Compilers\\Compiler->__construct()
#1 /var/www/html/vendor/laravel/framework/src/Illuminate/Container/Container.php(1118): Illuminate\\View\\ViewServiceProvider->{closure:Illuminate\\View\\ViewServiceProvider::registerBladeCompiler():96}()
#2 /var/www/html/vendor/laravel/framework/src/Illuminate/Container/Container.php(936): Illuminate\\Container\\Container->build()
#3 /var/www/html/vendor/laravel/framework/src/Illuminate/Foundation/Application.php(1078): Illuminate\\Container\\Container->resolve()
#4 /var/www/html/vendor/laravel/framework/src/Illuminate/Container/Container.php(864): Illuminate\\Foundation\\Application->resolve()
#5 /var/www/html/vendor/laravel/framework/src/Illuminate/Foundation/Application.php(1058): Illuminate\\Container\\Container->make()
#6 /var/www/html/vendor/laravel/framework/src/Illuminate/Container/Container.php(1810): Illuminate\\Foundation\\Application->make()
#7 /var/www/html/vendor/laravel/framework/src/Illuminate/Support/Facades/Facade.php(240): Illuminate\\Container\\Container->offsetGet()
#8 /var/www/html/vendor/laravel/framework/src/Illuminate/Support/Facades/Facade.php(211): Illuminate\\Support\\Facades\\Facade::resolveFacadeInstance()
#9 /var/www/html/vendor/laravel/framework/src/Illuminate/Support/Facades/Facade.php(357): Illuminate\\Support\\Facades\\Facade::getFacadeRoot()
#10 /var/www/html/vendor/livewire/flux/src/FluxServiceProvider.php(41): Illuminate\\Support\\Facades\\Facade::__callStatic()
#11 /var/www/html/vendor/livewire/flux/src/FluxServiceProvider.php(24): Flux\\FluxServiceProvider->bootComponentPath()
#12 /var/www/html/vendor/laravel/framework/src/Illuminate/Container/BoundMethod.php(36): Flux\\FluxServiceProvider->boot()
#13 /var/www/html/vendor/laravel/framework/src/Illuminate/Container/Util.php(43): Illuminate\\Container\\BoundMethod::{closure:Illuminate\\Container\\BoundMethod::call():35}()
#14 /var/www/html/vendor/laravel/framework/src/Illuminate/Container/BoundMethod.php(96): Illuminate\\Container\\Util::unwrapIfClosure()
#15 /var/www/html/vendor/laravel/framework/src/Illuminate/Container/BoundMethod.php(35): Illuminate\\Container\\BoundMethod::callBoundMethod()
#16 /var/www/html/vendor/laravel/framework/src/Illuminate/Container/Container.php(799): Illuminate\\Container\\BoundMethod::call()
#17 /var/www/html/vendor/laravel/framework/src/Illuminate/Foundation/Application.php(1151): Illuminate\\Container\\Container->call()
#18 /var/www/html/vendor/laravel/framework/src/Illuminate/Foundation/Application.php(1132): Illuminate\\Foundation\\Application->bootProvider()
#19 [internal function]: Illuminate\\Foundation\\Application->{closure:Illuminate\\Foundation\\Application::boot():1131}()
#20 /var/www/html/vendor/laravel/framework/src/Illuminate/Foundation/Application.php(1131): array_walk()
#21 /var/www/html/vendor/laravel/framework/src/Illuminate/Foundation/Bootstrap/BootProviders.php(17): Illuminate\\Foundation\\Application->boot()
#22 /var/www/html/vendor/laravel/framework/src/Illuminate/Foundation/Application.php(342): Illuminate\\Foundation\\Bootstrap\\BootProviders->bootstrap()
#23 /var/www/html/vendor/laravel/framework/src/Illuminate/Foundation/Console/Kernel.php(494): Illuminate\\Foundation\\Application->bootstrapWith()
#24 /var/www/html/vendor/laravel/framework/src/Illuminate/Foundation/Console/Kernel.php(196): Illuminate\\Foundation\\Console\\Kernel->bootstrap()
#25 /var/www/html/vendor/laravel/framework/src/Illuminate/Foundation/Application.php(1235): Illuminate\\Foundation\\Console\\Kernel->handle()
#26 /var/www/html/artisan(16): Illuminate\\Foundation\\Application->handleCommand()
#27 {main}
"} 
[2026-09-26 09:40:39] local.ERROR: Please provide a valid cache path. {"exception":"[object] (InvalidArgumentException(code: 0): Please provide a valid cache path. at /var/www/html/vendor/laravel/framework/src/Illuminate/View/Compilers/Compiler.php:75)
[stacktrace]
#0 /var/www/html/vendor/laravel/framework/src/Illuminate/View/ViewServiceProvider.php(97): Illuminate\\View\\Compilers\\Compiler->__construct()
#1 /var/www/html/vendor/laravel/framework/src/Illuminate/Container/Container.php(1118): Illuminate\\View\\ViewServiceProvider->{closure:Illuminate\\View\\ViewServiceProvider::registerBladeCompiler():96}()
#2 /var/www/html/vendor/laravel/framework/src/Illuminate/Container/Container.php(936): Illuminate\\Container\\Container->build()
#3 /var/www/html/vendor/laravel/framework/src/Illuminate/Foundation/Application.php(1078): Illuminate\\Container\\Container->resolve()
#4 /var/www/html/vendor/laravel/framework/src/Illuminate/Container/Container.php(864): Illuminate\\Foundation\\Application->resolve()
#5 /var/www/html/vendor/laravel/framework/src/Illuminate/Foundation/Application.php(1058): Illuminate\\Container\\Container->make()
#6 /var/www/html/vendor/laravel/framework/src/Illuminate/Container/Container.php(1810): Illuminate\\Foundation\\Application->make()
#7 /var/www/html/vendor/laravel/framework/src/Illuminate/Support/Facades/Facade.php(240): Illuminate\\Container\\Container->offsetGet()
#8 /var/www/html/vendor/laravel/framework/src/Illuminate/Support/Facades/Facade.php(211): Illuminate\\Support\\Facades\\Facade::resolveFacadeInstance()
#9 /var/www/html/vendor/laravel/framework/src/Illuminate/Support/Facades/Facade.php(357): Illuminate\\Support\\Facades\\Facade::getFacadeRoot()
#10 /var/www/html/vendor/livewire/flux/src/FluxServiceProvider.php(41): Illuminate\\Support\\Facades\\Facade::__callStatic()
#11 /var/www/html/vendor/livewire/flux/src/FluxServiceProvider.php(24): Flux\\FluxServiceProvider->bootComponentPath()
#12 /var/www/html/vendor/laravel/framework/src/Illuminate/Container/BoundMethod.php(36): Flux\\FluxServiceProvider->boot()
#13 /var/www/html/vendor/laravel/framework/src/Illuminate/Container/Util.php(43): Illuminate\\Container\\BoundMethod::{closure:Illuminate\\Container\\BoundMethod::call():35}()
#14 /var/www/html/vendor/laravel/framework/src/Illuminate/Container/BoundMethod.php(96): Illuminate\\Container\\Util::unwrapIfClosure()
#15 /var/www/html/vendor/laravel/framework/src/Illuminate/Container/BoundMethod.php(35): Illuminate\\Container\\BoundMethod::callBoundMethod()
#16 /var/www/html/vendor/laravel/framework/src/Illuminate/Container/Container.php(799): Illuminate\\Container\\BoundMethod::call()
#17 /var/www/html/vendor/laravel/framework/src/Illuminate/Foundation/Application.php(1151): Illuminate\\Container\\Container->call()
#18 /var/www/html/vendor/laravel/framework/src/Illuminate/Foundation/Application.php(1132): Illuminate\\Foundation\\Application->bootProvider()
#19 [internal function]: Illuminate\\Foundation\\Application->{closure:Illuminate\\Foundation\\Application::boot():1131}()
#20 /var/www/html/vendor/laravel/framework/src/Illuminate/Foundation/Application.php(1131): array_walk()
#21 /var/www/html/vendor/laravel/framework/src/Illuminate/Foundation/Bootstrap/BootProviders.php(17): Illuminate\\Foundation\\Application->boot()
#22 /var/www/html/vendor/laravel/framework/src/Illuminate/Foundation/Application.php(342): Illuminate\\Foundation\\Bootstrap\\BootProviders->bootstrap()
#23 /var/www/html/vendor/laravel/framework/src/Illuminate/Foundation/Console/Kernel.php(494): Illuminate\\Foundation\\Application->bootstrapWith()
#24 /var/www/html/vendor/laravel/framework/src/Illuminate/Foundation/Console/Kernel.php(196): Illuminate\\Foundation\\Console\\Kernel->bootstrap()
#25 /var/www/html/vendor/laravel/framework/src/Illuminate/Foundation/Application.php(1235): Illuminate\\Foundation\\Console\\Kernel->handle()
#26 /var/www/html/artisan(16): Illuminate\\Foundation\\Application->handleCommand()
#27 {main}
"} 
[2026-09-26 09:41:09] local.ERROR: Connection refused {"exception":"[object] (RedisException(code: 0): Connection refused at /var/www/html/vendor/laravel/framework/src/Illuminate/Redis/Connectors/PhpRedisConnector.php:185)
[stacktrace]
#0 /var/www/html/vendor/laravel/framework/src/Illuminate/Redis/Connectors/PhpRedisConnector.php(185): Redis->connect()
#1 /var/www/html/vendor/laravel/framework/src/Illuminate/Redis/Connectors/PhpRedisConnector.php(89): Illuminate\\Redis\\Connectors\\PhpRedisConnector->establishConnection()
#2 /var/www/html/vendor/laravel/framework/src/Illuminate/Support/helpers.php(393): Illuminate\\Redis\\Connectors\\PhpRedisConnector->{closure:Illuminate\\Redis\\Connectors\\PhpRedisConnector::createClient():80}()
#3 /var/www/html/vendor/laravel/framework/src/Illuminate/Redis/Connectors/PhpRedisConnector.php(80): tap()
#4 /var/www/html/vendor/laravel/framework/src/Illuminate/Redis/Connectors/PhpRedisConnector.php(34): Illuminate\\Redis\\Connectors\\PhpRedisConnector->createClient()
#5 /var/www/html/vendor/laravel/framework/src/Illuminate/Redis/Connectors/PhpRedisConnector.php(39): Illuminate\\Redis\\Connectors\\PhpRedisConnector->{closure:Illuminate\\Redis\\Connectors\\PhpRedisConnector::connect():33}()
#6 /var/www/html/vendor/laravel/framework/src/Illuminate/Redis/RedisManager.php(111): Illuminate\\Redis\\Connectors\\PhpRedisConnector->connect()
#7 /var/www/html/vendor/laravel/framework/src/Illuminate/Redis/RedisManager.php(92): Illuminate\\Redis\\RedisManager->resolve()
#8 /var/www/html/vendor/laravel/framework/src/Illuminate/Cache/RedisStore.php(409): Illuminate\\Redis\\RedisManager->connection()
#9 /var/www/html/vendor/laravel/framework/src/Illuminate/Cache/RedisStore.php(288): Illuminate\\Cache\\RedisStore->connection()
#10 /var/www/html/vendor/laravel/framework/src/Illuminate/Cache/Repository.php(709): Illuminate\\Cache\\RedisStore->forget()
#11 /var/www/html/database/migrations/2026_04_07_054906_create_permission_tables.php(119): Illuminate\\Cache\\Repository->forget()
#12 /var/www/html/vendor/laravel/framework/src/Illuminate/Database/Migrations/Migrator.php(517): Illuminate\\Database\\Migrations\\Migration@anonymous->up()
#13 /var/www/html/vendor/laravel/framework/src/Illuminate/Database/Migrations/Migrator.php(442): Illuminate\\Database\\Migrations\\Migrator->runMethod()
#14 /var/www/html/vendor/laravel/framework/src/Illuminate/Database/Migrations/Migrator.php(451): Illuminate\\Database\\Migrations\\Migrator->{closure:Illuminate\\Database\\Migrations\\Migrator::runMigration():438}()
#15 /var/www/html/vendor/laravel/framework/src/Illuminate/Database/Migrations/Migrator.php(253): Illuminate\\Database\\Migrations\\Migrator->runMigration()
#16 /var/www/html/vendor/laravel/framework/src/Illuminate/Console/View/Components/Task.php(43): Illuminate\\Database\\Migrations\\Migrator->{closure:Illuminate\\Database\\Migrations\\Migrator::runUp():253}()
#17 /var/www/html/vendor/laravel/framework/src/Illuminate/Database/Migrations/Migrator.php(814): Illuminate\\Console\\View\\Components\\Task->render()
#18 /var/www/html/vendor/laravel/framework/src/Illuminate/Database/Migrations/Migrator.php(253): Illuminate\\Database\\Migrations\\Migrator->write()
#19 /var/www/html/vendor/laravel/framework/src/Illuminate/Database/Migrations/Migrator.php(211): Illuminate\\Database\\Migrations\\Migrator->runUp()
#20 /var/www/html/vendor/laravel/framework/src/Illuminate/Database/Migrations/Migrator.php(138): Illuminate\\Database\\Migrations\\Migrator->runPending()
#21 /var/www/html/vendor/laravel/framework/src/Illuminate/Database/Console/Migrations/MigrateCommand.php(118): Illuminate\\Database\\Migrations\\Migrator->run()
#22 /var/www/html/vendor/laravel/framework/src/Illuminate/Database/Migrations/Migrator.php(671): Illuminate\\Database\\Console\\Migrations\\MigrateCommand->{closure:Illuminate\\Database\\Console\\Migrations\\MigrateCommand::runMigrations():111}()
#23 /var/www/html/vendor/laravel/framework/src/Illuminate/Database/Console/Migrations/MigrateCommand.php(111): Illuminate\\Database\\Migrations\\Migrator->usingConnection()
#24 /var/www/html/vendor/laravel/framework/src/Illuminate/Database/Console/Migrations/MigrateCommand.php(90): Illuminate\\Database\\Console\\Migrations\\MigrateCommand->runMigrations()
#25 /var/www/html/vendor/laravel/framework/src/Illuminate/Container/BoundMethod.php(36): Illuminate\\Database\\Console\\Migrations\\MigrateCommand->handle()
#26 /var/www/html/vendor/laravel/framework/src/Illuminate/Container/Util.php(43): Illuminate\\Container\\BoundMethod::{closure:Illuminate\\Container\\BoundMethod::call():35}()
#27 /var/www/html/vendor/laravel/framework/src/Illuminate/Container/BoundMethod.php(96): Illuminate\\Container\\Util::unwrapIfClosure()
#28 /var/www/html/vendor/laravel/framework/src/Illuminate/Container/BoundMethod.php(35): Illuminate\\Container\\BoundMethod::callBoundMethod()
#29 /var/www/html/vendor/laravel/framework/src/Illuminate/Container/Container.php(799): Illuminate\\Container\\BoundMethod::call()
#30 /var/www/html/vendor/laravel/framework/src/Illuminate/Console/Command.php(280): Illuminate\\Container\\Container->call()
#31 /var/www/html/vendor/symfony/console/Command/Command.php(291): Illuminate\\Console\\Command->execute()
#32 /var/www/html/vendor/laravel/framework/src/Illuminate/Console/Command.php(249): Symfony\\Component\\Console\\Command\\Command->run()
#33 /var/www/html/vendor/symfony/console/Application.php(1107): Illuminate\\Console\\Command->run()
#34 /var/www/html/vendor/symfony/console/Application.php(356): Symfony\\Component\\Console\\Application->doRunCommand()
#35 /var/www/html/vendor/symfony/console/Application.php(195): Symfony\\Component\\Console\\Application->doRun()
#36 /var/www/html/vendor/laravel/framework/src/Illuminate/Foundation/Console/Kernel.php(198): Symfony\\Component\\Console\\Application->run()
#37 /var/www/html/vendor/laravel/framework/src/Illuminate/Foundation/Application.php(1235): Illuminate\\Foundation\\Console\\Kernel->handle()
#38 /var/www/html/artisan(16): Illuminate\\Foundation\\Application->handleCommand()
#39 {main}
"} 
[2026-09-26 09:41:34] local.ERROR: SQLSTATE[42S01]: Base table or view already exists: 1050 Table 'permissions' already exists (Connection: mysql, Host: mysql, Port: 3306, Database: pos_event_driven, SQL: create table `permissions` (`id` bigint unsigned not null auto_increment primary key, `name` varchar(255) not null, `guard_name` varchar(255) not null, `created_at` timestamp null, `updated_at` timestamp null) default character set utf8mb4 collate 'utf8mb4_unicode_ci') {"exception":"[object] (Illuminate\\Database\\QueryException(code: 42S01): SQLSTATE[42S01]: Base table or view already exists: 1050 Table 'permissions' already exists (Connection: mysql, Host: mysql, Port: 3306, Database: pos_event_driven, SQL: create table `permissions` (`id` bigint unsigned not null auto_increment primary key, `name` varchar(255) not null, `guard_name` varchar(255) not null, `created_at` timestamp null, `updated_at` timestamp null) default character set utf8mb4 collate 'utf8mb4_unicode_ci') at /var/www/html/vendor/laravel/framework/src/Illuminate/Database/Connection.php:841)
[stacktrace]
#0 /var/www/html/vendor/laravel/framework/src/Illuminate/Database/Connection.php(797): Illuminate\\Database\\Connection->runQueryCallback()
#1 /var/www/html/vendor/laravel/framework/src/Illuminate/Database/Connection.php(576): Illuminate\\Database\\Connection->run()
#2 /var/www/html/vendor/laravel/framework/src/Illuminate/Database/Schema/Blueprint.php(121): Illuminate\\Database\\Connection->statement()
#3 /var/www/html/vendor/laravel/framework/src/Illuminate/Database/Schema/Builder.php(690): Illuminate\\Database\\Schema\\Blueprint->build()
#4 /var/www/html/vendor/laravel/framework/src/Illuminate/Database/Schema/Builder.php(508): Illuminate\\Database\\Schema\\Builder->build()
#5 /var/www/html/vendor/laravel/framework/src/Illuminate/Support/Facades/Facade.php(363): Illuminate\\Database\\Schema\\Builder->create()
#6 /var/www/html/database/migrations/2026_04_07_054906_create_permission_tables.php(26): Illuminate\\Support\\Facades\\Facade::__callStatic()
#7 /var/www/html/vendor/laravel/framework/src/Illuminate/Database/Migrations/Migrator.php(517): Illuminate\\Database\\Migrations\\Migration@anonymous->up()
#8 /var/www/html/vendor/laravel/framework/src/Illuminate/Database/Migrations/Migrator.php(442): Illuminate\\Database\\Migrations\\Migrator->runMethod()
#9 /var/www/html/vendor/laravel/framework/src/Illuminate/Database/Migrations/Migrator.php(451): Illuminate\\Database\\Migrations\\Migrator->{closure:Illuminate\\Database\\Migrations\\Migrator::runMigration():438}()
#10 /var/www/html/vendor/laravel/framework/src/Illuminate/Database/Migrations/Migrator.php(253): Illuminate\\Database\\Migrations\\Migrator->runMigration()
#11 /var/www/html/vendor/laravel/framework/src/Illuminate/Console/View/Components/Task.php(43): Illuminate\\Database\\Migrations\\Migrator->{closure:Illuminate\\Database\\Migrations\\Migrator::runUp():253}()
#12 /var/www/html/vendor/laravel/framework/src/Illuminate/Database/Migrations/Migrator.php(814): Illuminate\\Console\\View\\Components\\Task->render()
#13 /var/www/html/vendor/laravel/framework/src/Illuminate/Database/Migrations/Migrator.php(253): Illuminate\\Database\\Migrations\\Migrator->write()
#14 /var/www/html/vendor/laravel/framework/src/Illuminate/Database/Migrations/Migrator.php(211): Illuminate\\Database\\Migrations\\Migrator->runUp()
#15 /var/www/html/vendor/laravel/framework/src/Illuminate/Database/Migrations/Migrator.php(138): Illuminate\\Database\\Migrations\\Migrator->runPending()
#16 /var/www/html/vendor/laravel/framework/src/Illuminate/Database/Console/Migrations/MigrateCommand.php(118): Illuminate\\Database\\Migrations\\Migrator->run()
#17 /var/www/html/vendor/laravel/framework/src/Illuminate/Database/Migrations/Migrator.php(671): Illuminate\\Database\\Console\\Migrations\\MigrateCommand->{closure:Illuminate\\Database\\Console\\Migrations\\MigrateCommand::runMigrations():111}()
#18 /var/www/html/vendor/laravel/framework/src/Illuminate/Database/Console/Migrations/MigrateCommand.php(111): Illuminate\\Database\\Migrations\\Migrator->usingConnection()
#19 /var/www/html/vendor/laravel/framework/src/Illuminate/Database/Console/Migrations/MigrateCommand.php(90): Illuminate\\Database\\Console\\Migrations\\MigrateCommand->runMigrations()
#20 /var/www/html/vendor/laravel/framework/src/Illuminate/Container/BoundMethod.php(36): Illuminate\\Database\\Console\\Migrations\\MigrateCommand->handle()
#21 /var/www/html/vendor/laravel/framework/src/Illuminate/Container/Util.php(43): Illuminate\\Container\\BoundMethod::{closure:Illuminate\\Container\\BoundMethod::call():35}()
#22 /var/www/html/vendor/laravel/framework/src/Illuminate/Container/BoundMethod.php(96): Illuminate\\Container\\Util::unwrapIfClosure()
#23 /var/www/html/vendor/laravel/framework/src/Illuminate/Container/BoundMethod.php(35): Illuminate\\Container\\BoundMethod::callBoundMethod()
#24 /var/www/html/vendor/laravel/framework/src/Illuminate/Container/Container.php(799): Illuminate\\Container\\BoundMethod::call()
#25 /var/www/html/vendor/laravel/framework/src/Illuminate/Console/Command.php(280): Illuminate\\Container\\Container->call()
#26 /var/www/html/vendor/symfony/console/Command/Command.php(291): Illuminate\\Console\\Command->execute()
#27 /var/www/html/vendor/laravel/framework/src/Illuminate/Console/Command.php(249): Symfony\\Component\\Console\\Command\\Command->run()
#28 /var/www/html/vendor/symfony/console/Application.php(1107): Illuminate\\Console\\Command->run()
#29 /var/www/html/vendor/symfony/console/Application.php(356): Symfony\\Component\\Console\\Application->doRunCommand()
#30 /var/www/html/vendor/symfony/console/Application.php(195): Symfony\\Component\\Console\\Application->doRun()
#31 /var/www/html/vendor/laravel/framework/src/Illuminate/Foundation/Console/Kernel.php(198): Symfony\\Component\\Console\\Application->run()
#32 /var/www/html/vendor/laravel/framework/src/Illuminate/Foundation/Application.php(1235): Illuminate\\Foundation\\Console\\Kernel->handle()
#33 /var/www/html/artisan(16): Illuminate\\Foundation\\Application->handleCommand()
#34 {main}

[previous exception] [object] (PDOException(code: 42S01): SQLSTATE[42S01]: Base table or view already exists: 1050 Table 'permissions' already exists at /var/www/html/vendor/laravel/framework/src/Illuminate/Database/Connection.php:587)
[stacktrace]
#0 /var/www/html/vendor/laravel/framework/src/Illuminate/Database/Connection.php(587): PDOStatement->execute()
#1 /var/www/html/vendor/laravel/framework/src/Illuminate/Database/Connection.php(830): Illuminate\\Database\\Connection->{closure:Illuminate\\Database\\Connection::statement():576}()
#2 /var/www/html/vendor/laravel/framework/src/Illuminate/Database/Connection.php(797): Illuminate\\Database\\Connection->runQueryCallback()
#3 /var/www/html/vendor/laravel/framework/src/Illuminate/Database/Connection.php(576): Illuminate\\Database\\Connection->run()
#4 /var/www/html/vendor/laravel/framework/src/Illuminate/Database/Schema/Blueprint.php(121): Illuminate\\Database\\Connection->statement()
#5 /var/www/html/vendor/laravel/framework/src/Illuminate/Database/Schema/Builder.php(690): Illuminate\\Database\\Schema\\Blueprint->build()
#6 /var/www/html/vendor/laravel/framework/src/Illuminate/Database/Schema/Builder.php(508): Illuminate\\Database\\Schema\\Builder->build()
#7 /var/www/html/vendor/laravel/framework/src/Illuminate/Support/Facades/Facade.php(363): Illuminate\\Database\\Schema\\Builder->create()
#8 /var/www/html/database/migrations/2026_04_07_054906_create_permission_tables.php(26): Illuminate\\Support\\Facades\\Facade::__callStatic()
#9 /var/www/html/vendor/laravel/framework/src/Illuminate/Database/Migrations/Migrator.php(517): Illuminate\\Database\\Migrations\\Migration@anonymous->up()
#10 /var/www/html/vendor/laravel/framework/src/Illuminate/Database/Migrations/Migrator.php(442): Illuminate\\Database\\Migrations\\Migrator->runMethod()
#11 /var/www/html/vendor/laravel/framework/src/Illuminate/Database/Migrations/Migrator.php(451): Illuminate\\Database\\Migrations\\Migrator->{closure:Illuminate\\Database\\Migrations\\Migrator::runMigration():438}()
#12 /var/www/html/vendor/laravel/framework/src/Illuminate/Database/Migrations/Migrator.php(253): Illuminate\\Database\\Migrations\\Migrator->runMigration()
#13 /var/www/html/vendor/laravel/framework/src/Illuminate/Console/View/Components/Task.php(43): Illuminate\\Database\\Migrations\\Migrator->{closure:Illuminate\\Database\\Migrations\\Migrator::runUp():253}()
#14 /var/www/html/vendor/laravel/framework/src/Illuminate/Database/Migrations/Migrator.php(814): Illuminate\\Console\\View\\Components\\Task->render()
#15 /var/www/html/vendor/laravel/framework/src/Illuminate/Database/Migrations/Migrator.php(253): Illuminate\\Database\\Migrations\\Migrator->write()
#16 /var/www/html/vendor/laravel/framework/src/Illuminate/Database/Migrations/Migrator.php(211): Illuminate\\Database\\Migrations\\Migrator->runUp()
#17 /var/www/html/vendor/laravel/framework/src/Illuminate/Database/Migrations/Migrator.php(138): Illuminate\\Database\\Migrations\\Migrator->runPending()
#18 /var/www/html/vendor/laravel/framework/src/Illuminate/Database/Console/Migrations/MigrateCommand.php(118): Illuminate\\Database\\Migrations\\Migrator->run()
#19 /var/www/html/vendor/laravel/framework/src/Illuminate/Database/Migrations/Migrator.php(671): Illuminate\\Database\\Console\\Migrations\\MigrateCommand->{closure:Illuminate\\Database\\Console\\Migrations\\MigrateCommand::runMigrations():111}()
#20 /var/www/html/vendor/laravel/framework/src/Illuminate/Database/Console/Migrations/MigrateCommand.php(111): Illuminate\\Database\\Migrations\\Migrator->usingConnection()
#21 /var/www/html/vendor/laravel/framework/src/Illuminate/Database/Console/Migrations/MigrateCommand.php(90): Illuminate\\Database\\Console\\Migrations\\MigrateCommand->runMigrations()
#22 /var/www/html/vendor/laravel/framework/src/Illuminate/Container/BoundMethod.php(36): Illuminate\\Database\\Console\\Migrations\\MigrateCommand->handle()
#23 /var/www/html/vendor/laravel/framework/src/Illuminate/Container/Util.php(43): Illuminate\\Container\\BoundMethod::{closure:Illuminate\\Container\\BoundMethod::call():35}()
#24 /var/www/html/vendor/laravel/framework/src/Illuminate/Container/BoundMethod.php(96): Illuminate\\Container\\Util::unwrapIfClosure()
#25 /var/www/html/vendor/laravel/framework/src/Illuminate/Container/BoundMethod.php(35): Illuminate\\Container\\BoundMethod::callBoundMethod()
#26 /var/www/html/vendor/laravel/framework/src/Illuminate/Container/Container.php(799): Illuminate\\Container\\BoundMethod::call()
#27 /var/www/html/vendor/laravel/framework/src/Illuminate/Console/Command.php(280): Illuminate\\Container\\Container->call()
#28 /var/www/html/vendor/symfony/console/Command/Command.php(291): Illuminate\\Console\\Command->execute()
#29 /var/www/html/vendor/laravel/framework/src/Illuminate/Console/Command.php(249): Symfony\\Component\\Console\\Command\\Command->run()
#30 /var/www/html/vendor/symfony/console/Application.php(1107): Illuminate\\Console\\Command->run()
#31 /var/www/html/vendor/symfony/console/Application.php(356): Symfony\\Component\\Console\\Application->doRunCommand()
#32 /var/www/html/vendor/symfony/console/Application.php(195): Symfony\\Component\\Console\\Application->doRun()
#33 /var/www/html/vendor/laravel/framework/src/Illuminate/Foundation/Console/Kernel.php(198): Symfony\\Component\\Console\\Application->run()
#34 /var/www/html/vendor/laravel/framework/src/Illuminate/Foundation/Application.php(1235): Illuminate\\Foundation\\Console\\Kernel->handle()
#35 /var/www/html/artisan(16): Illuminate\\Foundation\\Application->handleCommand()
#36 {main}
"} 
[2026-09-26 09:41:43] local.ERROR: SQLSTATE[42000]: Syntax error or access violation: 1059 Identifier name 'domain_outbox_aggregate_type_aggregate_id_aggregate_version_unique' is too long (Connection: mysql, Host: mysql, Port: 3306, Database: pos_event_driven, SQL: alter table `domain_outbox` add unique `domain_outbox_aggregate_type_aggregate_id_aggregate_version_unique`(`aggregate_type`, `aggregate_id`, `aggregate_version`)) {"exception":"[object] (Illuminate\\Database\\QueryException(code: 42000): SQLSTATE[42000]: Syntax error or access violation: 1059 Identifier name 'domain_outbox_aggregate_type_aggregate_id_aggregate_version_unique' is too long (Connection: mysql, Host: mysql, Port: 3306, Database: pos_event_driven, SQL: alter table `domain_outbox` add unique `domain_outbox_aggregate_type_aggregate_id_aggregate_version_unique`(`aggregate_type`, `aggregate_id`, `aggregate_version`)) at /var/www/html/vendor/laravel/framework/src/Illuminate/Database/Connection.php:841)
[stacktrace]
#0 /var/www/html/vendor/laravel/framework/src/Illuminate/Database/Connection.php(797): Illuminate\\Database\\Connection->runQueryCallback()
#1 /var/www/html/vendor/laravel/framework/src/Illuminate/Database/Connection.php(576): Illuminate\\Database\\Connection->run()
#2 /var/www/html/vendor/laravel/framework/src/Illuminate/Database/Schema/Blueprint.php(121): Illuminate\\Database\\Connection->statement()
#3 /var/www/html/vendor/laravel/framework/src/Illuminate/Database/Schema/Builder.php(690): Illuminate\\Database\\Schema\\Blueprint->build()
#4 /var/www/html/vendor/laravel/framework/src/Illuminate/Database/Schema/Builder.php(508): Illuminate\\Database\\Schema\\Builder->build()
#5 /var/www/html/vendor/laravel/framework/src/Illuminate/Support/Facades/Facade.php(363): Illuminate\\Database\\Schema\\Builder->create()
#6 /var/www/html/database/migrations/2026_09_26_000000_create_event_driven_core.php(51): Illuminate\\Support\\Facades\\Facade::__callStatic()
#7 /var/www/html/vendor/laravel/framework/src/Illuminate/Database/Migrations/Migrator.php(517): Illuminate\\Database\\Migrations\\Migration@anonymous->up()
#8 /var/www/html/vendor/laravel/framework/src/Illuminate/Database/Migrations/Migrator.php(442): Illuminate\\Database\\Migrations\\Migrator->runMethod()
#9 /var/www/html/vendor/laravel/framework/src/Illuminate/Database/Migrations/Migrator.php(451): Illuminate\\Database\\Migrations\\Migrator->{closure:Illuminate\\Database\\Migrations\\Migrator::runMigration():438}()
#10 /var/www/html/vendor/laravel/framework/src/Illuminate/Database/Migrations/Migrator.php(253): Illuminate\\Database\\Migrations\\Migrator->runMigration()
#11 /var/www/html/vendor/laravel/framework/src/Illuminate/Console/View/Components/Task.php(43): Illuminate\\Database\\Migrations\\Migrator->{closure:Illuminate\\Database\\Migrations\\Migrator::runUp():253}()
#12 /var/www/html/vendor/laravel/framework/src/Illuminate/Database/Migrations/Migrator.php(814): Illuminate\\Console\\View\\Components\\Task->render()
#13 /var/www/html/vendor/laravel/framework/src/Illuminate/Database/Migrations/Migrator.php(253): Illuminate\\Database\\Migrations\\Migrator->write()
#14 /var/www/html/vendor/laravel/framework/src/Illuminate/Database/Migrations/Migrator.php(211): Illuminate\\Database\\Migrations\\Migrator->runUp()
#15 /var/www/html/vendor/laravel/framework/src/Illuminate/Database/Migrations/Migrator.php(138): Illuminate\\Database\\Migrations\\Migrator->runPending()
#16 /var/www/html/vendor/laravel/framework/src/Illuminate/Database/Console/Migrations/MigrateCommand.php(118): Illuminate\\Database\\Migrations\\Migrator->run()
#17 /var/www/html/vendor/laravel/framework/src/Illuminate/Database/Migrations/Migrator.php(671): Illuminate\\Database\\Console\\Migrations\\MigrateCommand->{closure:Illuminate\\Database\\Console\\Migrations\\MigrateCommand::runMigrations():111}()
#18 /var/www/html/vendor/laravel/framework/src/Illuminate/Database/Console/Migrations/MigrateCommand.php(111): Illuminate\\Database\\Migrations\\Migrator->usingConnection()
#19 /var/www/html/vendor/laravel/framework/src/Illuminate/Database/Console/Migrations/MigrateCommand.php(90): Illuminate\\Database\\Console\\Migrations\\MigrateCommand->runMigrations()
#20 /var/www/html/vendor/laravel/framework/src/Illuminate/Container/BoundMethod.php(36): Illuminate\\Database\\Console\\Migrations\\MigrateCommand->handle()
#21 /var/www/html/vendor/laravel/framework/src/Illuminate/Container/Util.php(43): Illuminate\\Container\\BoundMethod::{closure:Illuminate\\Container\\BoundMethod::call():35}()
#22 /var/www/html/vendor/laravel/framework/src/Illuminate/Container/BoundMethod.php(96): Illuminate\\Container\\Util::unwrapIfClosure()
#23 /var/www/html/vendor/laravel/framework/src/Illuminate/Container/BoundMethod.php(35): Illuminate\\Container\\BoundMethod::callBoundMethod()
#24 /var/www/html/vendor/laravel/framework/src/Illuminate/Container/Container.php(799): Illuminate\\Container\\BoundMethod::call()
#25 /var/www/html/vendor/laravel/framework/src/Illuminate/Console/Command.php(280): Illuminate\\Container\\Container->call()
#26 /var/www/html/vendor/symfony/console/Command/Command.php(291): Illuminate\\Console\\Command->execute()
#27 /var/www/html/vendor/laravel/framework/src/Illuminate/Console/Command.php(249): Symfony\\Component\\Console\\Command\\Command->run()
#28 /var/www/html/vendor/laravel/framework/src/Illuminate/Console/Concerns/CallsCommands.php(68): Illuminate\\Console\\Command->run()
#29 /var/www/html/vendor/laravel/framework/src/Illuminate/Console/Concerns/CallsCommands.php(29): Illuminate\\Console\\Command->runCommand()
#30 /var/www/html/vendor/laravel/framework/src/Illuminate/Database/Console/Migrations/FreshCommand.php(88): Illuminate\\Console\\Command->call()
#31 /var/www/html/vendor/laravel/framework/src/Illuminate/Container/BoundMethod.php(36): Illuminate\\Database\\Console\\Migrations\\FreshCommand->handle()
#32 /var/www/html/vendor/laravel/framework/src/Illuminate/Container/Util.php(43): Illuminate\\Container\\BoundMethod::{closure:Illuminate\\Container\\BoundMethod::call():35}()
#33 /var/www/html/vendor/laravel/framework/src/Illuminate/Container/BoundMethod.php(96): Illuminate\\Container\\Util::unwrapIfClosure()
#34 /var/www/html/vendor/laravel/framework/src/Illuminate/Container/BoundMethod.php(35): Illuminate\\Container\\BoundMethod::callBoundMethod()
#35 /var/www/html/vendor/laravel/framework/src/Illuminate/Container/Container.php(799): Illuminate\\Container\\BoundMethod::call()
#36 /var/www/html/vendor/laravel/framework/src/Illuminate/Console/Command.php(280): Illuminate\\Container\\Container->call()
#37 /var/www/html/vendor/symfony/console/Command/Command.php(291): Illuminate\\Console\\Command->execute()
#38 /var/www/html/vendor/laravel/framework/src/Illuminate/Console/Command.php(249): Symfony\\Component\\Console\\Command\\Command->run()
#39 /var/www/html/vendor/symfony/console/Application.php(1107): Illuminate\\Console\\Command->run()
#40 /var/www/html/vendor/symfony/console/Application.php(356): Symfony\\Component\\Console\\Application->doRunCommand()
#41 /var/www/html/vendor/symfony/console/Application.php(195): Symfony\\Component\\Console\\Application->doRun()
#42 /var/www/html/vendor/laravel/framework/src/Illuminate/Foundation/Console/Kernel.php(198): Symfony\\Component\\Console\\Application->run()
#43 /var/www/html/vendor/laravel/framework/src/Illuminate/Foundation/Application.php(1235): Illuminate\\Foundation\\Console\\Kernel->handle()
#44 /var/www/html/artisan(16): Illuminate\\Foundation\\Application->handleCommand()
#45 {main}

[previous exception] [object] (PDOException(code: 42000): SQLSTATE[42000]: Syntax error or access violation: 1059 Identifier name 'domain_outbox_aggregate_type_aggregate_id_aggregate_version_unique' is too long at /var/www/html/vendor/laravel/framework/src/Illuminate/Database/Connection.php:587)
[stacktrace]
#0 /var/www/html/vendor/laravel/framework/src/Illuminate/Database/Connection.php(587): PDOStatement->execute()
#1 /var/www/html/vendor/laravel/framework/src/Illuminate/Database/Connection.php(830): Illuminate\\Database\\Connection->{closure:Illuminate\\Database\\Connection::statement():576}()
#2 /var/www/html/vendor/laravel/framework/src/Illuminate/Database/Connection.php(797): Illuminate\\Database\\Connection->runQueryCallback()
#3 /var/www/html/vendor/laravel/framework/src/Illuminate/Database/Connection.php(576): Illuminate\\Database\\Connection->run()
#4 /var/www/html/vendor/laravel/framework/src/Illuminate/Database/Schema/Blueprint.php(121): Illuminate\\Database\\Connection->statement()
#5 /var/www/html/vendor/laravel/framework/src/Illuminate/Database/Schema/Builder.php(690): Illuminate\\Database\\Schema\\Blueprint->build()
#6 /var/www/html/vendor/laravel/framework/src/Illuminate/Database/Schema/Builder.php(508): Illuminate\\Database\\Schema\\Builder->build()
#7 /var/www/html/vendor/laravel/framework/src/Illuminate/Support/Facades/Facade.php(363): Illuminate\\Database\\Schema\\Builder->create()
#8 /var/www/html/database/migrations/2026_09_26_000000_create_event_driven_core.php(51): Illuminate\\Support\\Facades\\Facade::__callStatic()
#9 /var/www/html/vendor/laravel/framework/src/Illuminate/Database/Migrations/Migrator.php(517): Illuminate\\Database\\Migrations\\Migration@anonymous->up()
#10 /var/www/html/vendor/laravel/framework/src/Illuminate/Database/Migrations/Migrator.php(442): Illuminate\\Database\\Migrations\\Migrator->runMethod()
#11 /var/www/html/vendor/laravel/framework/src/Illuminate/Database/Migrations/Migrator.php(451): Illuminate\\Database\\Migrations\\Migrator->{closure:Illuminate\\Database\\Migrations\\Migrator::runMigration():438}()
#12 /var/www/html/vendor/laravel/framework/src/Illuminate/Database/Migrations/Migrator.php(253): Illuminate\\Database\\Migrations\\Migrator->runMigration()
#13 /var/www/html/vendor/laravel/framework/src/Illuminate/Console/View/Components/Task.php(43): Illuminate\\Database\\Migrations\\Migrator->{closure:Illuminate\\Database\\Migrations\\Migrator::runUp():253}()
#14 /var/www/html/vendor/laravel/framework/src/Illuminate/Database/Migrations/Migrator.php(814): Illuminate\\Console\\View\\Components\\Task->render()
#15 /var/www/html/vendor/laravel/framework/src/Illuminate/Database/Migrations/Migrator.php(253): Illuminate\\Database\\Migrations\\Migrator->write()
#16 /var/www/html/vendor/laravel/framework/src/Illuminate/Database/Migrations/Migrator.php(211): Illuminate\\Database\\Migrations\\Migrator->runUp()
#17 /var/www/html/vendor/laravel/framework/src/Illuminate/Database/Migrations/Migrator.php(138): Illuminate\\Database\\Migrations\\Migrator->runPending()
#18 /var/www/html/vendor/laravel/framework/src/Illuminate/Database/Console/Migrations/MigrateCommand.php(118): Illuminate\\Database\\Migrations\\Migrator->run()
#19 /var/www/html/vendor/laravel/framework/src/Illuminate/Database/Migrations/Migrator.php(671): Illuminate\\Database\\Console\\Migrations\\MigrateCommand->{closure:Illuminate\\Database\\Console\\Migrations\\MigrateCommand::runMigrations():111}()
#20 /var/www/html/vendor/laravel/framework/src/Illuminate/Database/Console/Migrations/MigrateCommand.php(111): Illuminate\\Database\\Migrations\\Migrator->usingConnection()
#21 /var/www/html/vendor/laravel/framework/src/Illuminate/Database/Console/Migrations/MigrateCommand.php(90): Illuminate\\Database\\Console\\Migrations\\MigrateCommand->runMigrations()
#22 /var/www/html/vendor/laravel/framework/src/Illuminate/Container/BoundMethod.php(36): Illuminate\\Database\\Console\\Migrations\\MigrateCommand->handle()
#23 /var/www/html/vendor/laravel/framework/src/Illuminate/Container/Util.php(43): Illuminate\\Container\\BoundMethod::{closure:Illuminate\\Container\\BoundMethod::call():35}()
#24 /var/www/html/vendor/laravel/framework/src/Illuminate/Container/BoundMethod.php(96): Illuminate\\Container\\Util::unwrapIfClosure()
#25 /var/www/html/vendor/laravel/framework/src/Illuminate/Container/BoundMethod.php(35): Illuminate\\Container\\BoundMethod::callBoundMethod()
#26 /var/www/html/vendor/laravel/framework/src/Illuminate/Container/Container.php(799): Illuminate\\Container\\BoundMethod::call()
#27 /var/www/html/vendor/laravel/framework/src/Illuminate/Console/Command.php(280): Illuminate\\Container\\Container->call()
#28 /var/www/html/vendor/symfony/console/Command/Command.php(291): Illuminate\\Console\\Command->execute()
#29 /var/www/html/vendor/laravel/framework/src/Illuminate/Console/Command.php(249): Symfony\\Component\\Console\\Command\\Command->run()
#30 /var/www/html/vendor/laravel/framework/src/Illuminate/Console/Concerns/CallsCommands.php(68): Illuminate\\Console\\Command->run()
#31 /var/www/html/vendor/laravel/framework/src/Illuminate/Console/Concerns/CallsCommands.php(29): Illuminate\\Console\\Command->runCommand()
#32 /var/www/html/vendor/laravel/framework/src/Illuminate/Database/Console/Migrations/FreshCommand.php(88): Illuminate\\Console\\Command->call()
#33 /var/www/html/vendor/laravel/framework/src/Illuminate/Container/BoundMethod.php(36): Illuminate\\Database\\Console\\Migrations\\FreshCommand->handle()
#34 /var/www/html/vendor/laravel/framework/src/Illuminate/Container/Util.php(43): Illuminate\\Container\\BoundMethod::{closure:Illuminate\\Container\\BoundMethod::call():35}()
#35 /var/www/html/vendor/laravel/framework/src/Illuminate/Container/BoundMethod.php(96): Illuminate\\Container\\Util::unwrapIfClosure()
#36 /var/www/html/vendor/laravel/framework/src/Illuminate/Container/BoundMethod.php(35): Illuminate\\Container\\BoundMethod::callBoundMethod()
#37 /var/www/html/vendor/laravel/framework/src/Illuminate/Container/Container.php(799): Illuminate\\Container\\BoundMethod::call()
#38 /var/www/html/vendor/laravel/framework/src/Illuminate/Console/Command.php(280): Illuminate\\Container\\Container->call()
#39 /var/www/html/vendor/symfony/console/Command/Command.php(291): Illuminate\\Console\\Command->execute()
#40 /var/www/html/vendor/laravel/framework/src/Illuminate/Console/Command.php(249): Symfony\\Component\\Console\\Command\\Command->run()
#41 /var/www/html/vendor/symfony/console/Application.php(1107): Illuminate\\Console\\Command->run()
#42 /var/www/html/vendor/symfony/console/Application.php(356): Symfony\\Component\\Console\\Application->doRunCommand()
#43 /var/www/html/vendor/symfony/console/Application.php(195): Symfony\\Component\\Console\\Application->doRun()
#44 /var/www/html/vendor/laravel/framework/src/Illuminate/Foundation/Console/Kernel.php(198): Symfony\\Component\\Console\\Application->run()
#45 /var/www/html/vendor/laravel/framework/src/Illuminate/Foundation/Application.php(1235): Illuminate\\Foundation\\Console\\Kernel->handle()
#46 /var/www/html/artisan(16): Illuminate\\Foundation\\Application->handleCommand()
#47 {main}
"} 
[2026-09-26 10:05:56] local.ERROR: Scheduled command ['/usr/bin/php8.5' 'artisan' domain:dispatch-outbox] failed with exit code [255]. {"exception":"[object] (Exception(code: 0): Scheduled command ['/usr/bin/php8.5' 'artisan' domain:dispatch-outbox] failed with exit code [255]. at /var/www/html/vendor/laravel/framework/src/Illuminate/Console/Scheduling/ScheduleRunCommand.php:215)
[stacktrace]
#0 /var/www/html/vendor/laravel/framework/src/Illuminate/Console/View/Components/Task.php(43): Illuminate\\Console\\Scheduling\\ScheduleRunCommand->{closure:Illuminate\\Console\\Scheduling\\ScheduleRunCommand::runEvent():199}()
#1 /var/www/html/vendor/laravel/framework/src/Illuminate/Console/View/Components/Factory.php(59): Illuminate\\Console\\View\\Components\\Task->render()
#2 /var/www/html/vendor/laravel/framework/src/Illuminate/Console/Scheduling/ScheduleRunCommand.php(199): Illuminate\\Console\\View\\Components\\Factory->__call()
#3 /var/www/html/vendor/laravel/framework/src/Illuminate/Console/Scheduling/ScheduleRunCommand.php(282): Illuminate\\Console\\Scheduling\\ScheduleRunCommand->runEvent()
#4 /var/www/html/vendor/laravel/framework/src/Illuminate/Console/Scheduling/ScheduleRunCommand.php(149): Illuminate\\Console\\Scheduling\\ScheduleRunCommand->repeatEvents()
#5 /var/www/html/vendor/laravel/framework/src/Illuminate/Container/BoundMethod.php(36): Illuminate\\Console\\Scheduling\\ScheduleRunCommand->handle()
#6 /var/www/html/vendor/laravel/framework/src/Illuminate/Container/Util.php(43): Illuminate\\Container\\BoundMethod::{closure:Illuminate\\Container\\BoundMethod::call():35}()
#7 /var/www/html/vendor/laravel/framework/src/Illuminate/Container/BoundMethod.php(96): Illuminate\\Container\\Util::unwrapIfClosure()
#8 /var/www/html/vendor/laravel/framework/src/Illuminate/Container/BoundMethod.php(35): Illuminate\\Container\\BoundMethod::callBoundMethod()
#9 /var/www/html/vendor/laravel/framework/src/Illuminate/Container/Container.php(799): Illuminate\\Container\\BoundMethod::call()
#10 /var/www/html/vendor/laravel/framework/src/Illuminate/Console/Command.php(280): Illuminate\\Container\\Container->call()
#11 /var/www/html/vendor/symfony/console/Command/Command.php(291): Illuminate\\Console\\Command->execute()
#12 /var/www/html/vendor/laravel/framework/src/Illuminate/Console/Command.php(249): Symfony\\Component\\Console\\Command\\Command->run()
#13 /var/www/html/vendor/symfony/console/Application.php(1107): Illuminate\\Console\\Command->run()
#14 /var/www/html/vendor/symfony/console/Application.php(356): Symfony\\Component\\Console\\Application->doRunCommand()
#15 /var/www/html/vendor/symfony/console/Application.php(195): Symfony\\Component\\Console\\Application->doRun()
#16 /var/www/html/vendor/laravel/framework/src/Illuminate/Foundation/Console/Kernel.php(198): Symfony\\Component\\Console\\Application->run()
#17 /var/www/html/vendor/laravel/framework/src/Illuminate/Foundation/Application.php(1235): Illuminate\\Foundation\\Console\\Kernel->handle()
#18 /var/www/html/artisan(16): Illuminate\\Foundation\\Application->handleCommand()
#19 {main}
"} 
[2026-09-26 10:05:57] local.ERROR: Scheduled command ['/usr/bin/php8.5' 'artisan' domain:dispatch-outbox] failed with exit code [255]. {"exception":"[object] (Exception(code: 0): Scheduled command ['/usr/bin/php8.5' 'artisan' domain:dispatch-outbox] failed with exit code [255]. at /var/www/html/vendor/laravel/framework/src/Illuminate/Console/Scheduling/ScheduleRunCommand.php:215)
[stacktrace]
#0 /var/www/html/vendor/laravel/framework/src/Illuminate/Console/View/Components/Task.php(43): Illuminate\\Console\\Scheduling\\ScheduleRunCommand->{closure:Illuminate\\Console\\Scheduling\\ScheduleRunCommand::runEvent():199}()
#1 /var/www/html/vendor/laravel/framework/src/Illuminate/Console/View/Components/Factory.php(59): Illuminate\\Console\\View\\Components\\Task->render()
#2 /var/www/html/vendor/laravel/framework/src/Illuminate/Console/Scheduling/ScheduleRunCommand.php(199): Illuminate\\Console\\View\\Components\\Factory->__call()
#3 /var/www/html/vendor/laravel/framework/src/Illuminate/Console/Scheduling/ScheduleRunCommand.php(282): Illuminate\\Console\\Scheduling\\ScheduleRunCommand->runEvent()
#4 /var/www/html/vendor/laravel/framework/src/Illuminate/Console/Scheduling/ScheduleRunCommand.php(149): Illuminate\\Console\\Scheduling\\ScheduleRunCommand->repeatEvents()
#5 /var/www/html/vendor/laravel/framework/src/Illuminate/Container/BoundMethod.php(36): Illuminate\\Console\\Scheduling\\ScheduleRunCommand->handle()
#6 /var/www/html/vendor/laravel/framework/src/Illuminate/Container/Util.php(43): Illuminate\\Container\\BoundMethod::{closure:Illuminate\\Container\\BoundMethod::call():35}()
#7 /var/www/html/vendor/laravel/framework/src/Illuminate/Container/BoundMethod.php(96): Illuminate\\Container\\Util::unwrapIfClosure()
#8 /var/www/html/vendor/laravel/framework/src/Illuminate/Container/BoundMethod.php(35): Illuminate\\Container\\BoundMethod::callBoundMethod()
#9 /var/www/html/vendor/laravel/framework/src/Illuminate/Container/Container.php(799): Illuminate\\Container\\BoundMethod::call()
#10 /var/www/html/vendor/laravel/framework/src/Illuminate/Console/Command.php(280): Illuminate\\Container\\Container->call()
#11 /var/www/html/vendor/symfony/console/Command/Command.php(291): Illuminate\\Console\\Command->execute()
#12 /var/www/html/vendor/laravel/framework/src/Illuminate/Console/Command.php(249): Symfony\\Component\\Console\\Command\\Command->run()
#13 /var/www/html/vendor/symfony/console/Application.php(1107): Illuminate\\Console\\Command->run()
#14 /var/www/html/vendor/symfony/console/Application.php(356): Symfony\\Component\\Console\\Application->doRunCommand()
#15 /var/www/html/vendor/symfony/console/Application.php(195): Symfony\\Component\\Console\\Application->doRun()
#16 /var/www/html/vendor/laravel/framework/src/Illuminate/Foundation/Console/Kernel.php(198): Symfony\\Component\\Console\\Application->run()
#17 /var/www/html/vendor/laravel/framework/src/Illuminate/Foundation/Application.php(1235): Illuminate\\Foundation\\Console\\Kernel->handle()
#18 /var/www/html/artisan(16): Illuminate\\Foundation\\Application->handleCommand()
#19 {main}
"} 
[2026-09-26 10:05:59] local.ERROR: Class "NotificationChannels\WebPush\WebPushServiceProvider" not found {"exception":"[object] (Error(code: 0): Class \"NotificationChannels\\WebPush\\WebPushServiceProvider\" not found at /var/www/html/vendor/laravel/framework/src/Illuminate/Foundation/Application.php:961)
[stacktrace]
#0 /var/www/html/vendor/laravel/framework/src/Illuminate/Foundation/Application.php(893): Illuminate\\Foundation\\Application->resolveProvider()
#1 /var/www/html/vendor/laravel/framework/src/Illuminate/Foundation/ProviderRepository.php(74): Illuminate\\Foundation\\Application->register()
#2 /var/www/html/vendor/laravel/framework/src/Illuminate/Foundation/Application.php(871): Illuminate\\Foundation\\ProviderRepository->load()
#3 /var/www/html/vendor/laravel/framework/src/Illuminate/Foundation/Bootstrap/RegisterProviders.php(37): Illuminate\\Foundation\\Application->registerConfiguredProviders()
#4 /var/www/html/vendor/laravel/framework/src/Illuminate/Foundation/Application.php(342): Illuminate\\Foundation\\Bootstrap\\RegisterProviders->bootstrap()
#5 /var/www/html/vendor/laravel/framework/src/Illuminate/Foundation/Console/Kernel.php(494): Illuminate\\Foundation\\Application->bootstrapWith()
#6 /var/www/html/vendor/laravel/framework/src/Illuminate/Foundation/Console/Kernel.php(196): Illuminate\\Foundation\\Console\\Kernel->bootstrap()
#7 /var/www/html/vendor/laravel/framework/src/Illuminate/Foundation/Application.php(1235): Illuminate\\Foundation\\Console\\Kernel->handle()
#8 /var/www/html/artisan(16): Illuminate\\Foundation\\Application->handleCommand()
#9 {main}
"} 
[2026-09-26 10:05:59] local.ERROR: Scheduled command ['/usr/bin/php8.5' 'artisan' domain:dispatch-outbox] failed with exit code [1]. {"exception":"[object] (Exception(code: 0): Scheduled command ['/usr/bin/php8.5' 'artisan' domain:dispatch-outbox] failed with exit code [1]. at /var/www/html/vendor/laravel/framework/src/Illuminate/Console/Scheduling/ScheduleRunCommand.php:215)
[stacktrace]
#0 /var/www/html/vendor/laravel/framework/src/Illuminate/Console/View/Components/Task.php(43): Illuminate\\Console\\Scheduling\\ScheduleRunCommand->{closure:Illuminate\\Console\\Scheduling\\ScheduleRunCommand::runEvent():199}()
#1 /var/www/html/vendor/laravel/framework/src/Illuminate/Console/View/Components/Factory.php(59): Illuminate\\Console\\View\\Components\\Task->render()
#2 /var/www/html/vendor/laravel/framework/src/Illuminate/Console/Scheduling/ScheduleRunCommand.php(199): Illuminate\\Console\\View\\Components\\Factory->__call()
#3 /var/www/html/vendor/laravel/framework/src/Illuminate/Console/Scheduling/ScheduleRunCommand.php(282): Illuminate\\Console\\Scheduling\\ScheduleRunCommand->runEvent()
#4 /var/www/html/vendor/laravel/framework/src/Illuminate/Console/Scheduling/ScheduleRunCommand.php(149): Illuminate\\Console\\Scheduling\\ScheduleRunCommand->repeatEvents()
#5 /var/www/html/vendor/laravel/framework/src/Illuminate/Container/BoundMethod.php(36): Illuminate\\Console\\Scheduling\\ScheduleRunCommand->handle()
#6 /var/www/html/vendor/laravel/framework/src/Illuminate/Container/Util.php(43): Illuminate\\Container\\BoundMethod::{closure:Illuminate\\Container\\BoundMethod::call():35}()
#7 /var/www/html/vendor/laravel/framework/src/Illuminate/Container/BoundMethod.php(96): Illuminate\\Container\\Util::unwrapIfClosure()
#8 /var/www/html/vendor/laravel/framework/src/Illuminate/Container/BoundMethod.php(35): Illuminate\\Container\\BoundMethod::callBoundMethod()
#9 /var/www/html/vendor/laravel/framework/src/Illuminate/Container/Container.php(799): Illuminate\\Container\\BoundMethod::call()
#10 /var/www/html/vendor/laravel/framework/src/Illuminate/Console/Command.php(280): Illuminate\\Container\\Container->call()
#11 /var/www/html/vendor/symfony/console/Command/Command.php(291): Illuminate\\Console\\Command->execute()
#12 /var/www/html/vendor/laravel/framework/src/Illuminate/Console/Command.php(249): Symfony\\Component\\Console\\Command\\Command->run()
#13 /var/www/html/vendor/symfony/console/Application.php(1107): Illuminate\\Console\\Command->run()
#14 /var/www/html/vendor/symfony/console/Application.php(356): Symfony\\Component\\Console\\Application->doRunCommand()
#15 /var/www/html/vendor/symfony/console/Application.php(195): Symfony\\Component\\Console\\Application->doRun()
#16 /var/www/html/vendor/laravel/framework/src/Illuminate/Foundation/Console/Kernel.php(198): Symfony\\Component\\Console\\Application->run()
#17 /var/www/html/vendor/laravel/framework/src/Illuminate/Foundation/Application.php(1235): Illuminate\\Foundation\\Console\\Kernel->handle()
#18 /var/www/html/artisan(16): Illuminate\\Foundation\\Application->handleCommand()
#19 {main}
"} 
[2026-09-26 10:06:11] local.ERROR: SQLSTATE[42S02]: Base table or view not found: 1146 Table 'pos_event_driven.domain_outbox' doesn't exist (Connection: mysql, Host: mysql, Port: 3306, Database: pos_event_driven, SQL: select * from `domain_outbox` where `processed_at` is null and (`dispatched_at` is null or `dispatched_at` < 2026-09-26 10:05:11) order by `occurred_at` asc limit 100) {"exception":"[object] (Illuminate\\Database\\QueryException(code: 42S02): SQLSTATE[42S02]: Base table or view not found: 1146 Table 'pos_event_driven.domain_outbox' doesn't exist (Connection: mysql, Host: mysql, Port: 3306, Database: pos_event_driven, SQL: select * from `domain_outbox` where `processed_at` is null and (`dispatched_at` is null or `dispatched_at` < 2026-09-26 10:05:11) order by `occurred_at` asc limit 100) at /var/www/html/vendor/laravel/framework/src/Illuminate/Database/Connection.php:841)
[stacktrace]
#0 /var/www/html/vendor/laravel/framework/src/Illuminate/Database/Connection.php(797): Illuminate\\Database\\Connection->runQueryCallback()
#1 /var/www/html/vendor/laravel/framework/src/Illuminate/Database/Connection.php(412): Illuminate\\Database\\Connection->run()
#2 /var/www/html/vendor/laravel/framework/src/Illuminate/Database/Query/Builder.php(3562): Illuminate\\Database\\Connection->select()
#3 /var/www/html/vendor/laravel/framework/src/Illuminate/Database/Query/Builder.php(3546): Illuminate\\Database\\Query\\Builder->runSelect()
#4 /var/www/html/app/Console/Commands/DispatchDomainOutbox.php(26): Illuminate\\Database\\Query\\Builder->get()
#5 /var/www/html/vendor/laravel/framework/src/Illuminate/Cache/Lock.php(131): App\\Console\\Commands\\DispatchDomainOutbox->{closure:App\\Console\\Commands\\DispatchDomainOutbox::handle():18}()
#6 /var/www/html/app/Console/Commands/DispatchDomainOutbox.php(18): Illuminate\\Cache\\Lock->block()
#7 /var/www/html/vendor/laravel/framework/src/Illuminate/Container/BoundMethod.php(36): App\\Console\\Commands\\DispatchDomainOutbox->handle()
#8 /var/www/html/vendor/laravel/framework/src/Illuminate/Container/Util.php(43): Illuminate\\Container\\BoundMethod::{closure:Illuminate\\Container\\BoundMethod::call():35}()
#9 /var/www/html/vendor/laravel/framework/src/Illuminate/Container/BoundMethod.php(96): Illuminate\\Container\\Util::unwrapIfClosure()
#10 /var/www/html/vendor/laravel/framework/src/Illuminate/Container/BoundMethod.php(35): Illuminate\\Container\\BoundMethod::callBoundMethod()
#11 /var/www/html/vendor/laravel/framework/src/Illuminate/Container/Container.php(799): Illuminate\\Container\\BoundMethod::call()
#12 /var/www/html/vendor/laravel/framework/src/Illuminate/Console/Command.php(280): Illuminate\\Container\\Container->call()
#13 /var/www/html/vendor/symfony/console/Command/Command.php(291): Illuminate\\Console\\Command->execute()
#14 /var/www/html/vendor/laravel/framework/src/Illuminate/Console/Command.php(249): Symfony\\Component\\Console\\Command\\Command->run()
#15 /var/www/html/vendor/symfony/console/Application.php(1107): Illuminate\\Console\\Command->run()
#16 /var/www/html/vendor/symfony/console/Application.php(356): Symfony\\Component\\Console\\Application->doRunCommand()
#17 /var/www/html/vendor/symfony/console/Application.php(195): Symfony\\Component\\Console\\Application->doRun()
#18 /var/www/html/vendor/laravel/framework/src/Illuminate/Foundation/Console/Kernel.php(198): Symfony\\Component\\Console\\Application->run()
#19 /var/www/html/vendor/laravel/framework/src/Illuminate/Foundation/Application.php(1235): Illuminate\\Foundation\\Console\\Kernel->handle()
#20 /var/www/html/artisan(16): Illuminate\\Foundation\\Application->handleCommand()
#21 {main}

[previous exception] [object] (PDOException(code: 42S02): SQLSTATE[42S02]: Base table or view not found: 1146 Table 'pos_event_driven.domain_outbox' doesn't exist at /var/www/html/vendor/laravel/framework/src/Illuminate/Database/Connection.php:421)
[stacktrace]
#0 /var/www/html/vendor/laravel/framework/src/Illuminate/Database/Connection.php(421): PDO->prepare()
#1 /var/www/html/vendor/laravel/framework/src/Illuminate/Database/Connection.php(830): Illuminate\\Database\\Connection->{closure:Illuminate\\Database\\Connection::select():412}()
#2 /var/www/html/vendor/laravel/framework/src/Illuminate/Database/Connection.php(797): Illuminate\\Database\\Connection->runQueryCallback()
#3 /var/www/html/vendor/laravel/framework/src/Illuminate/Database/Connection.php(412): Illuminate\\Database\\Connection->run()
#4 /var/www/html/vendor/laravel/framework/src/Illuminate/Database/Query/Builder.php(3562): Illuminate\\Database\\Connection->select()
#5 /var/www/html/vendor/laravel/framework/src/Illuminate/Database/Query/Builder.php(3546): Illuminate\\Database\\Query\\Builder->runSelect()
#6 /var/www/html/app/Console/Commands/DispatchDomainOutbox.php(26): Illuminate\\Database\\Query\\Builder->get()
#7 /var/www/html/vendor/laravel/framework/src/Illuminate/Cache/Lock.php(131): App\\Console\\Commands\\DispatchDomainOutbox->{closure:App\\Console\\Commands\\DispatchDomainOutbox::handle():18}()
#8 /var/www/html/app/Console/Commands/DispatchDomainOutbox.php(18): Illuminate\\Cache\\Lock->block()
#9 /var/www/html/vendor/laravel/framework/src/Illuminate/Container/BoundMethod.php(36): App\\Console\\Commands\\DispatchDomainOutbox->handle()
#10 /var/www/html/vendor/laravel/framework/src/Illuminate/Container/Util.php(43): Illuminate\\Container\\BoundMethod::{closure:Illuminate\\Container\\BoundMethod::call():35}()
#11 /var/www/html/vendor/laravel/framework/src/Illuminate/Container/BoundMethod.php(96): Illuminate\\Container\\Util::unwrapIfClosure()
#12 /var/www/html/vendor/laravel/framework/src/Illuminate/Container/BoundMethod.php(35): Illuminate\\Container\\BoundMethod::callBoundMethod()
#13 /var/www/html/vendor/laravel/framework/src/Illuminate/Container/Container.php(799): Illuminate\\Container\\BoundMethod::call()
#14 /var/www/html/vendor/laravel/framework/src/Illuminate/Console/Command.php(280): Illuminate\\Container\\Container->call()
#15 /var/www/html/vendor/symfony/console/Command/Command.php(291): Illuminate\\Console\\Command->execute()
#16 /var/www/html/vendor/laravel/framework/src/Illuminate/Console/Command.php(249): Symfony\\Component\\Console\\Command\\Command->run()
#17 /var/www/html/vendor/symfony/console/Application.php(1107): Illuminate\\Console\\Command->run()
#18 /var/www/html/vendor/symfony/console/Application.php(356): Symfony\\Component\\Console\\Application->doRunCommand()
#19 /var/www/html/vendor/symfony/console/Application.php(195): Symfony\\Component\\Console\\Application->doRun()
#20 /var/www/html/vendor/laravel/framework/src/Illuminate/Foundation/Console/Kernel.php(198): Symfony\\Component\\Console\\Application->run()
#21 /var/www/html/vendor/laravel/framework/src/Illuminate/Foundation/Application.php(1235): Illuminate\\Foundation\\Console\\Kernel->handle()
#22 /var/www/html/artisan(16): Illuminate\\Foundation\\Application->handleCommand()
#23 {main}
"} 
[2026-09-26 10:06:11] local.ERROR: Scheduled command ['/usr/bin/php8.5' 'artisan' domain:dispatch-outbox] failed with exit code [1]. {"exception":"[object] (Exception(code: 0): Scheduled command ['/usr/bin/php8.5' 'artisan' domain:dispatch-outbox] failed with exit code [1]. at /var/www/html/vendor/laravel/framework/src/Illuminate/Console/Scheduling/ScheduleRunCommand.php:215)
[stacktrace]
#0 /var/www/html/vendor/laravel/framework/src/Illuminate/Console/View/Components/Task.php(43): Illuminate\\Console\\Scheduling\\ScheduleRunCommand->{closure:Illuminate\\Console\\Scheduling\\ScheduleRunCommand::runEvent():199}()
#1 /var/www/html/vendor/laravel/framework/src/Illuminate/Console/View/Components/Factory.php(59): Illuminate\\Console\\View\\Components\\Task->render()
#2 /var/www/html/vendor/laravel/framework/src/Illuminate/Console/Scheduling/ScheduleRunCommand.php(199): Illuminate\\Console\\View\\Components\\Factory->__call()
#3 /var/www/html/vendor/laravel/framework/src/Illuminate/Console/Scheduling/ScheduleRunCommand.php(282): Illuminate\\Console\\Scheduling\\ScheduleRunCommand->runEvent()
#4 /var/www/html/vendor/laravel/framework/src/Illuminate/Console/Scheduling/ScheduleRunCommand.php(149): Illuminate\\Console\\Scheduling\\ScheduleRunCommand->repeatEvents()
#5 /var/www/html/vendor/laravel/framework/src/Illuminate/Container/BoundMethod.php(36): Illuminate\\Console\\Scheduling\\ScheduleRunCommand->handle()
#6 /var/www/html/vendor/laravel/framework/src/Illuminate/Container/Util.php(43): Illuminate\\Container\\BoundMethod::{closure:Illuminate\\Container\\BoundMethod::call():35}()
#7 /var/www/html/vendor/laravel/framework/src/Illuminate/Container/BoundMethod.php(96): Illuminate\\Container\\Util::unwrapIfClosure()
#8 /var/www/html/vendor/laravel/framework/src/Illuminate/Container/BoundMethod.php(35): Illuminate\\Container\\BoundMethod::callBoundMethod()
#9 /var/www/html/vendor/laravel/framework/src/Illuminate/Container/Container.php(799): Illuminate\\Container\\BoundMethod::call()
#10 /var/www/html/vendor/laravel/framework/src/Illuminate/Console/Command.php(280): Illuminate\\Container\\Container->call()
#11 /var/www/html/vendor/symfony/console/Command/Command.php(291): Illuminate\\Console\\Command->execute()
#12 /var/www/html/vendor/laravel/framework/src/Illuminate/Console/Command.php(249): Symfony\\Component\\Console\\Command\\Command->run()
#13 /var/www/html/vendor/symfony/console/Application.php(1107): Illuminate\\Console\\Command->run()
#14 /var/www/html/vendor/symfony/console/Application.php(356): Symfony\\Component\\Console\\Application->doRunCommand()
#15 /var/www/html/vendor/symfony/console/Application.php(195): Symfony\\Component\\Console\\Application->doRun()
#16 /var/www/html/vendor/laravel/framework/src/Illuminate/Foundation/Console/Kernel.php(198): Symfony\\Component\\Console\\Application->run()
#17 /var/www/html/vendor/laravel/framework/src/Illuminate/Foundation/Application.php(1235): Illuminate\\Foundation\\Console\\Kernel->handle()
#18 /var/www/html/artisan(16): Illuminate\\Foundation\\Application->handleCommand()
#19 {main}
"} 
[2026-09-26 10:06:12] local.ERROR: SQLSTATE[42S02]: Base table or view not found: 1146 Table 'pos_event_driven.domain_outbox' doesn't exist (Connection: mysql, Host: mysql, Port: 3306, Database: pos_event_driven, SQL: select * from `domain_outbox` where `processed_at` is null and (`dispatched_at` is null or `dispatched_at` < 2026-09-26 10:05:12) order by `occurred_at` asc limit 100) {"exception":"[object] (Illuminate\\Database\\QueryException(code: 42S02): SQLSTATE[42S02]: Base table or view not found: 1146 Table 'pos_event_driven.domain_outbox' doesn't exist (Connection: mysql, Host: mysql, Port: 3306, Database: pos_event_driven, SQL: select * from `domain_outbox` where `processed_at` is null and (`dispatched_at` is null or `dispatched_at` < 2026-09-26 10:05:12) order by `occurred_at` asc limit 100) at /var/www/html/vendor/laravel/framework/src/Illuminate/Database/Connection.php:841)
[stacktrace]
#0 /var/www/html/vendor/laravel/framework/src/Illuminate/Database/Connection.php(797): Illuminate\\Database\\Connection->runQueryCallback()
#1 /var/www/html/vendor/laravel/framework/src/Illuminate/Database/Connection.php(412): Illuminate\\Database\\Connection->run()
#2 /var/www/html/vendor/laravel/framework/src/Illuminate/Database/Query/Builder.php(3562): Illuminate\\Database\\Connection->select()
#3 /var/www/html/vendor/laravel/framework/src/Illuminate/Database/Query/Builder.php(3546): Illuminate\\Database\\Query\\Builder->runSelect()
#4 /var/www/html/app/Console/Commands/DispatchDomainOutbox.php(26): Illuminate\\Database\\Query\\Builder->get()
#5 /var/www/html/vendor/laravel/framework/src/Illuminate/Cache/Lock.php(131): App\\Console\\Commands\\DispatchDomainOutbox->{closure:App\\Console\\Commands\\DispatchDomainOutbox::handle():18}()
#6 /var/www/html/app/Console/Commands/DispatchDomainOutbox.php(18): Illuminate\\Cache\\Lock->block()
#7 /var/www/html/vendor/laravel/framework/src/Illuminate/Container/BoundMethod.php(36): App\\Console\\Commands\\DispatchDomainOutbox->handle()
#8 /var/www/html/vendor/laravel/framework/src/Illuminate/Container/Util.php(43): Illuminate\\Container\\BoundMethod::{closure:Illuminate\\Container\\BoundMethod::call():35}()
#9 /var/www/html/vendor/laravel/framework/src/Illuminate/Container/BoundMethod.php(96): Illuminate\\Container\\Util::unwrapIfClosure()
#10 /var/www/html/vendor/laravel/framework/src/Illuminate/Container/BoundMethod.php(35): Illuminate\\Container\\BoundMethod::callBoundMethod()
#11 /var/www/html/vendor/laravel/framework/src/Illuminate/Container/Container.php(799): Illuminate\\Container\\BoundMethod::call()
#12 /var/www/html/vendor/laravel/framework/src/Illuminate/Console/Command.php(280): Illuminate\\Container\\Container->call()
#13 /var/www/html/vendor/symfony/console/Command/Command.php(291): Illuminate\\Console\\Command->execute()
#14 /var/www/html/vendor/laravel/framework/src/Illuminate/Console/Command.php(249): Symfony\\Component\\Console\\Command\\Command->run()
#15 /var/www/html/vendor/symfony/console/Application.php(1107): Illuminate\\Console\\Command->run()
#16 /var/www/html/vendor/symfony/console/Application.php(356): Symfony\\Component\\Console\\Application->doRunCommand()
#17 /var/www/html/vendor/symfony/console/Application.php(195): Symfony\\Component\\Console\\Application->doRun()
#18 /var/www/html/vendor/laravel/framework/src/Illuminate/Foundation/Console/Kernel.php(198): Symfony\\Component\\Console\\Application->run()
#19 /var/www/html/vendor/laravel/framework/src/Illuminate/Foundation/Application.php(1235): Illuminate\\Foundation\\Console\\Kernel->handle()
#20 /var/www/html/artisan(16): Illuminate\\Foundation\\Application->handleCommand()
#21 {main}

[previous exception] [object] (PDOException(code: 42S02): SQLSTATE[42S02]: Base table or view not found: 1146 Table 'pos_event_driven.domain_outbox' doesn't exist at /var/www/html/vendor/laravel/framework/src/Illuminate/Database/Connection.php:421)
[stacktrace]
#0 /var/www/html/vendor/laravel/framework/src/Illuminate/Database/Connection.php(421): PDO->prepare()
#1 /var/www/html/vendor/laravel/framework/src/Illuminate/Database/Connection.php(830): Illuminate\\Database\\Connection->{closure:Illuminate\\Database\\Connection::select():412}()
#2 /var/www/html/vendor/laravel/framework/src/Illuminate/Database/Connection.php(797): Illuminate\\Database\\Connection->runQueryCallback()
#3 /var/www/html/vendor/laravel/framework/src/Illuminate/Database/Connection.php(412): Illuminate\\Database\\Connection->run()
#4 /var/www/html/vendor/laravel/framework/src/Illuminate/Database/Query/Builder.php(3562): Illuminate\\Database\\Connection->select()
#5 /var/www/html/vendor/laravel/framework/src/Illuminate/Database/Query/Builder.php(3546): Illuminate\\Database\\Query\\Builder->runSelect()
#6 /var/www/html/app/Console/Commands/DispatchDomainOutbox.php(26): Illuminate\\Database\\Query\\Builder->get()
#7 /var/www/html/vendor/laravel/framework/src/Illuminate/Cache/Lock.php(131): App\\Console\\Commands\\DispatchDomainOutbox->{closure:App\\Console\\Commands\\DispatchDomainOutbox::handle():18}()
#8 /var/www/html/app/Console/Commands/DispatchDomainOutbox.php(18): Illuminate\\Cache\\Lock->block()
#9 /var/www/html/vendor/laravel/framework/src/Illuminate/Container/BoundMethod.php(36): App\\Console\\Commands\\DispatchDomainOutbox->handle()
#10 /var/www/html/vendor/laravel/framework/src/Illuminate/Container/Util.php(43): Illuminate\\Container\\BoundMethod::{closure:Illuminate\\Container\\BoundMethod::call():35}()
#11 /var/www/html/vendor/laravel/framework/src/Illuminate/Container/BoundMethod.php(96): Illuminate\\Container\\Util::unwrapIfClosure()
#12 /var/www/html/vendor/laravel/framework/src/Illuminate/Container/BoundMethod.php(35): Illuminate\\Container\\BoundMethod::callBoundMethod()
#13 /var/www/html/vendor/laravel/framework/src/Illuminate/Container/Container.php(799): Illuminate\\Container\\BoundMethod::call()
#14 /var/www/html/vendor/laravel/framework/src/Illuminate/Console/Command.php(280): Illuminate\\Container\\Container->call()
#15 /var/www/html/vendor/symfony/console/Command/Command.php(291): Illuminate\\Console\\Command->execute()
#16 /var/www/html/vendor/laravel/framework/src/Illuminate/Console/Command.php(249): Symfony\\Component\\Console\\Command\\Command->run()
#17 /var/www/html/vendor/symfony/console/Application.php(1107): Illuminate\\Console\\Command->run()
#18 /var/www/html/vendor/symfony/console/Application.php(356): Symfony\\Component\\Console\\Application->doRunCommand()
#19 /var/www/html/vendor/symfony/console/Application.php(195): Symfony\\Component\\Console\\Application->doRun()
#20 /var/www/html/vendor/laravel/framework/src/Illuminate/Foundation/Console/Kernel.php(198): Symfony\\Component\\Console\\Application->run()
#21 /var/www/html/vendor/laravel/framework/src/Illuminate/Foundation/Application.php(1235): Illuminate\\Foundation\\Console\\Kernel->handle()
#22 /var/www/html/artisan(16): Illuminate\\Foundation\\Application->handleCommand()
#23 {main}
"} 
[2026-09-26 10:06:12] local.ERROR: Scheduled command ['/usr/bin/php8.5' 'artisan' domain:dispatch-outbox] failed with exit code [1]. {"exception":"[object] (Exception(code: 0): Scheduled command ['/usr/bin/php8.5' 'artisan' domain:dispatch-outbox] failed with exit code [1]. at /var/www/html/vendor/laravel/framework/src/Illuminate/Console/Scheduling/ScheduleRunCommand.php:215)
[stacktrace]
#0 /var/www/html/vendor/laravel/framework/src/Illuminate/Console/View/Components/Task.php(43): Illuminate\\Console\\Scheduling\\ScheduleRunCommand->{closure:Illuminate\\Console\\Scheduling\\ScheduleRunCommand::runEvent():199}()
#1 /var/www/html/vendor/laravel/framework/src/Illuminate/Console/View/Components/Factory.php(59): Illuminate\\Console\\View\\Components\\Task->render()
#2 /var/www/html/vendor/laravel/framework/src/Illuminate/Console/Scheduling/ScheduleRunCommand.php(199): Illuminate\\Console\\View\\Components\\Factory->__call()
#3 /var/www/html/vendor/laravel/framework/src/Illuminate/Console/Scheduling/ScheduleRunCommand.php(282): Illuminate\\Console\\Scheduling\\ScheduleRunCommand->runEvent()
#4 /var/www/html/vendor/laravel/framework/src/Illuminate/Console/Scheduling/ScheduleRunCommand.php(149): Illuminate\\Console\\Scheduling\\ScheduleRunCommand->repeatEvents()
#5 /var/www/html/vendor/laravel/framework/src/Illuminate/Container/BoundMethod.php(36): Illuminate\\Console\\Scheduling\\ScheduleRunCommand->handle()
#6 /var/www/html/vendor/laravel/framework/src/Illuminate/Container/Util.php(43): Illuminate\\Container\\BoundMethod::{closure:Illuminate\\Container\\BoundMethod::call():35}()
#7 /var/www/html/vendor/laravel/framework/src/Illuminate/Container/BoundMethod.php(96): Illuminate\\Container\\Util::unwrapIfClosure()
#8 /var/www/html/vendor/laravel/framework/src/Illuminate/Container/BoundMethod.php(35): Illuminate\\Container\\BoundMethod::callBoundMethod()
#9 /var/www/html/vendor/laravel/framework/src/Illuminate/Container/Container.php(799): Illuminate\\Container\\BoundMethod::call()
#10 /var/www/html/vendor/laravel/framework/src/Illuminate/Console/Command.php(280): Illuminate\\Container\\Container->call()
#11 /var/www/html/vendor/symfony/console/Command/Command.php(291): Illuminate\\Console\\Command->execute()
#12 /var/www/html/vendor/laravel/framework/src/Illuminate/Console/Command.php(249): Symfony\\Component\\Console\\Command\\Command->run()
#13 /var/www/html/vendor/symfony/console/Application.php(1107): Illuminate\\Console\\Command->run()
#14 /var/www/html/vendor/symfony/console/Application.php(356): Symfony\\Component\\Console\\Application->doRunCommand()
#15 /var/www/html/vendor/symfony/console/Application.php(195): Symfony\\Component\\Console\\Application->doRun()
#16 /var/www/html/vendor/laravel/framework/src/Illuminate/Foundation/Console/Kernel.php(198): Symfony\\Component\\Console\\Application->run()
#17 /var/www/html/vendor/laravel/framework/src/Illuminate/Foundation/Application.php(1235): Illuminate\\Foundation\\Console\\Kernel->handle()
#18 /var/www/html/artisan(16): Illuminate\\Foundation\\Application->handleCommand()
#19 {main}
"} 
[2026-09-26 10:06:13] local.ERROR: SQLSTATE[42S02]: Base table or view not found: 1146 Table 'pos_event_driven.domain_outbox' doesn't exist (Connection: mysql, Host: mysql, Port: 3306, Database: pos_event_driven, SQL: select * from `domain_outbox` where `processed_at` is null and (`dispatched_at` is null or `dispatched_at` < 2026-09-26 10:05:13) order by `occurred_at` asc limit 100) {"exception":"[object] (Illuminate\\Database\\QueryException(code: 42S02): SQLSTATE[42S02]: Base table or view not found: 1146 Table 'pos_event_driven.domain_outbox' doesn't exist (Connection: mysql, Host: mysql, Port: 3306, Database: pos_event_driven, SQL: select * from `domain_outbox` where `processed_at` is null and (`dispatched_at` is null or `dispatched_at` < 2026-09-26 10:05:13) order by `occurred_at` asc limit 100) at /var/www/html/vendor/laravel/framework/src/Illuminate/Database/Connection.php:841)
[stacktrace]
#0 /var/www/html/vendor/laravel/framework/src/Illuminate/Database/Connection.php(797): Illuminate\\Database\\Connection->runQueryCallback()
#1 /var/www/html/vendor/laravel/framework/src/Illuminate/Database/Connection.php(412): Illuminate\\Database\\Connection->run()
#2 /var/www/html/vendor/laravel/framework/src/Illuminate/Database/Query/Builder.php(3562): Illuminate\\Database\\Connection->select()
#3 /var/www/html/vendor/laravel/framework/src/Illuminate/Database/Query/Builder.php(3546): Illuminate\\Database\\Query\\Builder->runSelect()
#4 /var/www/html/app/Console/Commands/DispatchDomainOutbox.php(26): Illuminate\\Database\\Query\\Builder->get()
#5 /var/www/html/vendor/laravel/framework/src/Illuminate/Cache/Lock.php(131): App\\Console\\Commands\\DispatchDomainOutbox->{closure:App\\Console\\Commands\\DispatchDomainOutbox::handle():18}()
#6 /var/www/html/app/Console/Commands/DispatchDomainOutbox.php(18): Illuminate\\Cache\\Lock->block()
#7 /var/www/html/vendor/laravel/framework/src/Illuminate/Container/BoundMethod.php(36): App\\Console\\Commands\\DispatchDomainOutbox->handle()
#8 /var/www/html/vendor/laravel/framework/src/Illuminate/Container/Util.php(43): Illuminate\\Container\\BoundMethod::{closure:Illuminate\\Container\\BoundMethod::call():35}()
#9 /var/www/html/vendor/laravel/framework/src/Illuminate/Container/BoundMethod.php(96): Illuminate\\Container\\Util::unwrapIfClosure()
#10 /var/www/html/vendor/laravel/framework/src/Illuminate/Container/BoundMethod.php(35): Illuminate\\Container\\BoundMethod::callBoundMethod()
#11 /var/www/html/vendor/laravel/framework/src/Illuminate/Container/Container.php(799): Illuminate\\Container\\BoundMethod::call()
#12 /var/www/html/vendor/laravel/framework/src/Illuminate/Console/Command.php(280): Illuminate\\Container\\Container->call()
#13 /var/www/html/vendor/symfony/console/Command/Command.php(291): Illuminate\\Console\\Command->execute()
#14 /var/www/html/vendor/laravel/framework/src/Illuminate/Console/Command.php(249): Symfony\\Component\\Console\\Command\\Command->run()
#15 /var/www/html/vendor/symfony/console/Application.php(1107): Illuminate\\Console\\Command->run()
#16 /var/www/html/vendor/symfony/console/Application.php(356): Symfony\\Component\\Console\\Application->doRunCommand()
#17 /var/www/html/vendor/symfony/console/Application.php(195): Symfony\\Component\\Console\\Application->doRun()
#18 /var/www/html/vendor/laravel/framework/src/Illuminate/Foundation/Console/Kernel.php(198): Symfony\\Component\\Console\\Application->run()
#19 /var/www/html/vendor/laravel/framework/src/Illuminate/Foundation/Application.php(1235): Illuminate\\Foundation\\Console\\Kernel->handle()
#20 /var/www/html/artisan(16): Illuminate\\Foundation\\Application->handleCommand()
#21 {main}

[previous exception] [object] (PDOException(code: 42S02): SQLSTATE[42S02]: Base table or view not found: 1146 Table 'pos_event_driven.domain_outbox' doesn't exist at /var/www/html/vendor/laravel/framework/src/Illuminate/Database/Connection.php:421)
[stacktrace]
#0 /var/www/html/vendor/laravel/framework/src/Illuminate/Database/Connection.php(421): PDO->prepare()
#1 /var/www/html/vendor/laravel/framework/src/Illuminate/Database/Connection.php(830): Illuminate\\Database\\Connection->{closure:Illuminate\\Database\\Connection::select():412}()
#2 /var/www/html/vendor/laravel/framework/src/Illuminate/Database/Connection.php(797): Illuminate\\Database\\Connection->runQueryCallback()
#3 /var/www/html/vendor/laravel/framework/src/Illuminate/Database/Connection.php(412): Illuminate\\Database\\Connection->run()
#4 /var/www/html/vendor/laravel/framework/src/Illuminate/Database/Query/Builder.php(3562): Illuminate\\Database\\Connection->select()
#5 /var/www/html/vendor/laravel/framework/src/Illuminate/Database/Query/Builder.php(3546): Illuminate\\Database\\Query\\Builder->runSelect()
#6 /var/www/html/app/Console/Commands/DispatchDomainOutbox.php(26): Illuminate\\Database\\Query\\Builder->get()
#7 /var/www/html/vendor/laravel/framework/src/Illuminate/Cache/Lock.php(131): App\\Console\\Commands\\DispatchDomainOutbox->{closure:App\\Console\\Commands\\DispatchDomainOutbox::handle():18}()
#8 /var/www/html/app/Console/Commands/DispatchDomainOutbox.php(18): Illuminate\\Cache\\Lock->block()
#9 /var/www/html/vendor/laravel/framework/src/Illuminate/Container/BoundMethod.php(36): App\\Console\\Commands\\DispatchDomainOutbox->handle()
#10 /var/www/html/vendor/laravel/framework/src/Illuminate/Container/Util.php(43): Illuminate\\Container\\BoundMethod::{closure:Illuminate\\Container\\BoundMethod::call():35}()
#11 /var/www/html/vendor/laravel/framework/src/Illuminate/Container/BoundMethod.php(96): Illuminate\\Container\\Util::unwrapIfClosure()
#12 /var/www/html/vendor/laravel/framework/src/Illuminate/Container/BoundMethod.php(35): Illuminate\\Container\\BoundMethod::callBoundMethod()
#13 /var/www/html/vendor/laravel/framework/src/Illuminate/Container/Container.php(799): Illuminate\\Container\\BoundMethod::call()
#14 /var/www/html/vendor/laravel/framework/src/Illuminate/Console/Command.php(280): Illuminate\\Container\\Container->call()
#15 /var/www/html/vendor/symfony/console/Command/Command.php(291): Illuminate\\Console\\Command->execute()
#16 /var/www/html/vendor/laravel/framework/src/Illuminate/Console/Command.php(249): Symfony\\Component\\Console\\Command\\Command->run()
#17 /var/www/html/vendor/symfony/console/Application.php(1107): Illuminate\\Console\\Command->run()
#18 /var/www/html/vendor/symfony/console/Application.php(356): Symfony\\Component\\Console\\Application->doRunCommand()
#19 /var/www/html/vendor/symfony/console/Application.php(195): Symfony\\Component\\Console\\Application->doRun()
#20 /var/www/html/vendor/laravel/framework/src/Illuminate/Foundation/Console/Kernel.php(198): Symfony\\Component\\Console\\Application->run()
#21 /var/www/html/vendor/laravel/framework/src/Illuminate/Foundation/Application.php(1235): Illuminate\\Foundation\\Console\\Kernel->handle()
#22 /var/www/html/artisan(16): Illuminate\\Foundation\\Application->handleCommand()
#23 {main}
"} 
[2026-09-26 10:06:13] local.ERROR: Scheduled command ['/usr/bin/php8.5' 'artisan' domain:dispatch-outbox] failed with exit code [1]. {"exception":"[object] (Exception(code: 0): Scheduled command ['/usr/bin/php8.5' 'artisan' domain:dispatch-outbox] failed with exit code [1]. at /var/www/html/vendor/laravel/framework/src/Illuminate/Console/Scheduling/ScheduleRunCommand.php:215)
[stacktrace]
#0 /var/www/html/vendor/laravel/framework/src/Illuminate/Console/View/Components/Task.php(43): Illuminate\\Console\\Scheduling\\ScheduleRunCommand->{closure:Illuminate\\Console\\Scheduling\\ScheduleRunCommand::runEvent():199}()
#1 /var/www/html/vendor/laravel/framework/src/Illuminate/Console/View/Components/Factory.php(59): Illuminate\\Console\\View\\Components\\Task->render()
#2 /var/www/html/vendor/laravel/framework/src/Illuminate/Console/Scheduling/ScheduleRunCommand.php(199): Illuminate\\Console\\View\\Components\\Factory->__call()
#3 /var/www/html/vendor/laravel/framework/src/Illuminate/Console/Scheduling/ScheduleRunCommand.php(282): Illuminate\\Console\\Scheduling\\ScheduleRunCommand->runEvent()
#4 /var/www/html/vendor/laravel/framework/src/Illuminate/Console/Scheduling/ScheduleRunCommand.php(149): Illuminate\\Console\\Scheduling\\ScheduleRunCommand->repeatEvents()
#5 /var/www/html/vendor/laravel/framework/src/Illuminate/Container/BoundMethod.php(36): Illuminate\\Console\\Scheduling\\ScheduleRunCommand->handle()
#6 /var/www/html/vendor/laravel/framework/src/Illuminate/Container/Util.php(43): Illuminate\\Container\\BoundMethod::{closure:Illuminate\\Container\\BoundMethod::call():35}()
#7 /var/www/html/vendor/laravel/framework/src/Illuminate/Container/BoundMethod.php(96): Illuminate\\Container\\Util::unwrapIfClosure()
#8 /var/www/html/vendor/laravel/framework/src/Illuminate/Container/BoundMethod.php(35): Illuminate\\Container\\BoundMethod::callBoundMethod()
#9 /var/www/html/vendor/laravel/framework/src/Illuminate/Container/Container.php(799): Illuminate\\Container\\BoundMethod::call()
#10 /var/www/html/vendor/laravel/framework/src/Illuminate/Console/Command.php(280): Illuminate\\Container\\Container->call()
#11 /var/www/html/vendor/symfony/console/Command/Command.php(291): Illuminate\\Console\\Command->execute()
#12 /var/www/html/vendor/laravel/framework/src/Illuminate/Console/Command.php(249): Symfony\\Component\\Console\\Command\\Command->run()
#13 /var/www/html/vendor/symfony/console/Application.php(1107): Illuminate\\Console\\Command->run()
#14 /var/www/html/vendor/symfony/console/Application.php(356): Symfony\\Component\\Console\\Application->doRunCommand()
#15 /var/www/html/vendor/symfony/console/Application.php(195): Symfony\\Component\\Console\\Application->doRun()
#16 /var/www/html/vendor/laravel/framework/src/Illuminate/Foundation/Console/Kernel.php(198): Symfony\\Component\\Console\\Application->run()
#17 /var/www/html/vendor/laravel/framework/src/Illuminate/Foundation/Application.php(1235): Illuminate\\Foundation\\Console\\Kernel->handle()
#18 /var/www/html/artisan(16): Illuminate\\Foundation\\Application->handleCommand()
#19 {main}
"} 
[2026-09-26 10:06:14] local.ERROR: SQLSTATE[42S02]: Base table or view not found: 1146 Table 'pos_event_driven.domain_outbox' doesn't exist (Connection: mysql, Host: mysql, Port: 3306, Database: pos_event_driven, SQL: select * from `domain_outbox` where `processed_at` is null and (`dispatched_at` is null or `dispatched_at` < 2026-09-26 10:05:14) order by `occurred_at` asc limit 100) {"exception":"[object] (Illuminate\\Database\\QueryException(code: 42S02): SQLSTATE[42S02]: Base table or view not found: 1146 Table 'pos_event_driven.domain_outbox' doesn't exist (Connection: mysql, Host: mysql, Port: 3306, Database: pos_event_driven, SQL: select * from `domain_outbox` where `processed_at` is null and (`dispatched_at` is null or `dispatched_at` < 2026-09-26 10:05:14) order by `occurred_at` asc limit 100) at /var/www/html/vendor/laravel/framework/src/Illuminate/Database/Connection.php:841)
[stacktrace]
#0 /var/www/html/vendor/laravel/framework/src/Illuminate/Database/Connection.php(797): Illuminate\\Database\\Connection->runQueryCallback()
#1 /var/www/html/vendor/laravel/framework/src/Illuminate/Database/Connection.php(412): Illuminate\\Database\\Connection->run()
#2 /var/www/html/vendor/laravel/framework/src/Illuminate/Database/Query/Builder.php(3562): Illuminate\\Database\\Connection->select()
#3 /var/www/html/vendor/laravel/framework/src/Illuminate/Database/Query/Builder.php(3546): Illuminate\\Database\\Query\\Builder->runSelect()
#4 /var/www/html/app/Console/Commands/DispatchDomainOutbox.php(26): Illuminate\\Database\\Query\\Builder->get()
#5 /var/www/html/vendor/laravel/framework/src/Illuminate/Cache/Lock.php(131): App\\Console\\Commands\\DispatchDomainOutbox->{closure:App\\Console\\Commands\\DispatchDomainOutbox::handle():18}()
#6 /var/www/html/app/Console/Commands/DispatchDomainOutbox.php(18): Illuminate\\Cache\\Lock->block()
#7 /var/www/html/vendor/laravel/framework/src/Illuminate/Container/BoundMethod.php(36): App\\Console\\Commands\\DispatchDomainOutbox->handle()
#8 /var/www/html/vendor/laravel/framework/src/Illuminate/Container/Util.php(43): Illuminate\\Container\\BoundMethod::{closure:Illuminate\\Container\\BoundMethod::call():35}()
#9 /var/www/html/vendor/laravel/framework/src/Illuminate/Container/BoundMethod.php(96): Illuminate\\Container\\Util::unwrapIfClosure()
#10 /var/www/html/vendor/laravel/framework/src/Illuminate/Container/BoundMethod.php(35): Illuminate\\Container\\BoundMethod::callBoundMethod()
#11 /var/www/html/vendor/laravel/framework/src/Illuminate/Container/Container.php(799): Illuminate\\Container\\BoundMethod::call()
#12 /var/www/html/vendor/laravel/framework/src/Illuminate/Console/Command.php(280): Illuminate\\Container\\Container->call()
#13 /var/www/html/vendor/symfony/console/Command/Command.php(291): Illuminate\\Console\\Command->execute()
#14 /var/www/html/vendor/laravel/framework/src/Illuminate/Console/Command.php(249): Symfony\\Component\\Console\\Command\\Command->run()
#15 /var/www/html/vendor/symfony/console/Application.php(1107): Illuminate\\Console\\Command->run()
#16 /var/www/html/vendor/symfony/console/Application.php(356): Symfony\\Component\\Console\\Application->doRunCommand()
#17 /var/www/html/vendor/symfony/console/Application.php(195): Symfony\\Component\\Console\\Application->doRun()
#18 /var/www/html/vendor/laravel/framework/src/Illuminate/Foundation/Console/Kernel.php(198): Symfony\\Component\\Console\\Application->run()
#19 /var/www/html/vendor/laravel/framework/src/Illuminate/Foundation/Application.php(1235): Illuminate\\Foundation\\Console\\Kernel->handle()
#20 /var/www/html/artisan(16): Illuminate\\Foundation\\Application->handleCommand()
#21 {main}

[previous exception] [object] (PDOException(code: 42S02): SQLSTATE[42S02]: Base table or view not found: 1146 Table 'pos_event_driven.domain_outbox' doesn't exist at /var/www/html/vendor/laravel/framework/src/Illuminate/Database/Connection.php:421)
[stacktrace]
#0 /var/www/html/vendor/laravel/framework/src/Illuminate/Database/Connection.php(421): PDO->prepare()
#1 /var/www/html/vendor/laravel/framework/src/Illuminate/Database/Connection.php(830): Illuminate\\Database\\Connection->{closure:Illuminate\\Database\\Connection::select():412}()
#2 /var/www/html/vendor/laravel/framework/src/Illuminate/Database/Connection.php(797): Illuminate\\Database\\Connection->runQueryCallback()
#3 /var/www/html/vendor/laravel/framework/src/Illuminate/Database/Connection.php(412): Illuminate\\Database\\Connection->run()
#4 /var/www/html/vendor/laravel/framework/src/Illuminate/Database/Query/Builder.php(3562): Illuminate\\Database\\Connection->select()
#5 /var/www/html/vendor/laravel/framework/src/Illuminate/Database/Query/Builder.php(3546): Illuminate\\Database\\Query\\Builder->runSelect()
#6 /var/www/html/app/Console/Commands/DispatchDomainOutbox.php(26): Illuminate\\Database\\Query\\Builder->get()
#7 /var/www/html/vendor/laravel/framework/src/Illuminate/Cache/Lock.php(131): App\\Console\\Commands\\DispatchDomainOutbox->{closure:App\\Console\\Commands\\DispatchDomainOutbox::handle():18}()
#8 /var/www/html/app/Console/Commands/DispatchDomainOutbox.php(18): Illuminate\\Cache\\Lock->block()
#9 /var/www/html/vendor/laravel/framework/src/Illuminate/Container/BoundMethod.php(36): App\\Console\\Commands\\DispatchDomainOutbox->handle()
#10 /var/www/html/vendor/laravel/framework/src/Illuminate/Container/Util.php(43): Illuminate\\Container\\BoundMethod::{closure:Illuminate\\Container\\BoundMethod::call():35}()
#11 /var/www/html/vendor/laravel/framework/src/Illuminate/Container/BoundMethod.php(96): Illuminate\\Container\\Util::unwrapIfClosure()
#12 /var/www/html/vendor/laravel/framework/src/Illuminate/Container/BoundMethod.php(35): Illuminate\\Container\\BoundMethod::callBoundMethod()
#13 /var/www/html/vendor/laravel/framework/src/Illuminate/Container/Container.php(799): Illuminate\\Container\\BoundMethod::call()
#14 /var/www/html/vendor/laravel/framework/src/Illuminate/Console/Command.php(280): Illuminate\\Container\\Container->call()
#15 /var/www/html/vendor/symfony/console/Command/Command.php(291): Illuminate\\Console\\Command->execute()
#16 /var/www/html/vendor/laravel/framework/src/Illuminate/Console/Command.php(249): Symfony\\Component\\Console\\Command\\Command->run()
#17 /var/www/html/vendor/symfony/console/Application.php(1107): Illuminate\\Console\\Command->run()
#18 /var/www/html/vendor/symfony/console/Application.php(356): Symfony\\Component\\Console\\Application->doRunCommand()
#19 /var/www/html/vendor/symfony/console/Application.php(195): Symfony\\Component\\Console\\Application->doRun()
#20 /var/www/html/vendor/laravel/framework/src/Illuminate/Foundation/Console/Kernel.php(198): Symfony\\Component\\Console\\Application->run()
#21 /var/www/html/vendor/laravel/framework/src/Illuminate/Foundation/Application.php(1235): Illuminate\\Foundation\\Console\\Kernel->handle()
#22 /var/www/html/artisan(16): Illuminate\\Foundation\\Application->handleCommand()
#23 {main}
"} 
[2026-09-26 10:06:14] local.ERROR: Scheduled command ['/usr/bin/php8.5' 'artisan' domain:dispatch-outbox] failed with exit code [1]. {"exception":"[object] (Exception(code: 0): Scheduled command ['/usr/bin/php8.5' 'artisan' domain:dispatch-outbox] failed with exit code [1]. at /var/www/html/vendor/laravel/framework/src/Illuminate/Console/Scheduling/ScheduleRunCommand.php:215)
[stacktrace]
#0 /var/www/html/vendor/laravel/framework/src/Illuminate/Console/View/Components/Task.php(43): Illuminate\\Console\\Scheduling\\ScheduleRunCommand->{closure:Illuminate\\Console\\Scheduling\\ScheduleRunCommand::runEvent():199}()
#1 /var/www/html/vendor/laravel/framework/src/Illuminate/Console/View/Components/Factory.php(59): Illuminate\\Console\\View\\Components\\Task->render()
#2 /var/www/html/vendor/laravel/framework/src/Illuminate/Console/Scheduling/ScheduleRunCommand.php(199): Illuminate\\Console\\View\\Components\\Factory->__call()
#3 /var/www/html/vendor/laravel/framework/src/Illuminate/Console/Scheduling/ScheduleRunCommand.php(282): Illuminate\\Console\\Scheduling\\ScheduleRunCommand->runEvent()
#4 /var/www/html/vendor/laravel/framework/src/Illuminate/Console/Scheduling/ScheduleRunCommand.php(149): Illuminate\\Console\\Scheduling\\ScheduleRunCommand->repeatEvents()
#5 /var/www/html/vendor/laravel/framework/src/Illuminate/Container/BoundMethod.php(36): Illuminate\\Console\\Scheduling\\ScheduleRunCommand->handle()
#6 /var/www/html/vendor/laravel/framework/src/Illuminate/Container/Util.php(43): Illuminate\\Container\\BoundMethod::{closure:Illuminate\\Container\\BoundMethod::call():35}()
#7 /var/www/html/vendor/laravel/framework/src/Illuminate/Container/BoundMethod.php(96): Illuminate\\Container\\Util::unwrapIfClosure()
#8 /var/www/html/vendor/laravel/framework/src/Illuminate/Container/BoundMethod.php(35): Illuminate\\Container\\BoundMethod::callBoundMethod()
#9 /var/www/html/vendor/laravel/framework/src/Illuminate/Container/Container.php(799): Illuminate\\Container\\BoundMethod::call()
#10 /var/www/html/vendor/laravel/framework/src/Illuminate/Console/Command.php(280): Illuminate\\Container\\Container->call()
#11 /var/www/html/vendor/symfony/console/Command/Command.php(291): Illuminate\\Console\\Command->execute()
#12 /var/www/html/vendor/laravel/framework/src/Illuminate/Console/Command.php(249): Symfony\\Component\\Console\\Command\\Command->run()
#13 /var/www/html/vendor/symfony/console/Application.php(1107): Illuminate\\Console\\Command->run()
#14 /var/www/html/vendor/symfony/console/Application.php(356): Symfony\\Component\\Console\\Application->doRunCommand()
#15 /var/www/html/vendor/symfony/console/Application.php(195): Symfony\\Component\\Console\\Application->doRun()
#16 /var/www/html/vendor/laravel/framework/src/Illuminate/Foundation/Console/Kernel.php(198): Symfony\\Component\\Console\\Application->run()
#17 /var/www/html/vendor/laravel/framework/src/Illuminate/Foundation/Application.php(1235): Illuminate\\Foundation\\Console\\Kernel->handle()
#18 /var/www/html/artisan(16): Illuminate\\Foundation\\Application->handleCommand()
#19 {main}
"} 
[2026-09-26 10:07:06] local.ERROR: SQLSTATE[42S22]: Column not found: 1054 Unknown column 'sequence' in 'order clause' (Connection: mysql, Host: mysql, Port: 3306, Database: pos_event_driven, SQL: select * from `domain_outbox` where `processed_at` is null and (`dispatched_at` is null or `dispatched_at` < 2026-09-26 10:06:06) order by `sequence` asc limit 100) {"exception":"[object] (Illuminate\\Database\\QueryException(code: 42S22): SQLSTATE[42S22]: Column not found: 1054 Unknown column 'sequence' in 'order clause' (Connection: mysql, Host: mysql, Port: 3306, Database: pos_event_driven, SQL: select * from `domain_outbox` where `processed_at` is null and (`dispatched_at` is null or `dispatched_at` < 2026-09-26 10:06:06) order by `sequence` asc limit 100) at /var/www/html/vendor/laravel/framework/src/Illuminate/Database/Connection.php:841)
[stacktrace]
#0 /var/www/html/vendor/laravel/framework/src/Illuminate/Database/Connection.php(797): Illuminate\\Database\\Connection->runQueryCallback()
#1 /var/www/html/vendor/laravel/framework/src/Illuminate/Database/Connection.php(412): Illuminate\\Database\\Connection->run()
#2 /var/www/html/vendor/laravel/framework/src/Illuminate/Database/Query/Builder.php(3562): Illuminate\\Database\\Connection->select()
#3 /var/www/html/vendor/laravel/framework/src/Illuminate/Database/Query/Builder.php(3546): Illuminate\\Database\\Query\\Builder->runSelect()
#4 /var/www/html/app/Console/Commands/DispatchDomainOutbox.php(26): Illuminate\\Database\\Query\\Builder->get()
#5 /var/www/html/vendor/laravel/framework/src/Illuminate/Cache/Lock.php(131): App\\Console\\Commands\\DispatchDomainOutbox->{closure:App\\Console\\Commands\\DispatchDomainOutbox::handle():18}()
#6 /var/www/html/app/Console/Commands/DispatchDomainOutbox.php(18): Illuminate\\Cache\\Lock->block()
#7 /var/www/html/vendor/laravel/framework/src/Illuminate/Container/BoundMethod.php(36): App\\Console\\Commands\\DispatchDomainOutbox->handle()
#8 /var/www/html/vendor/laravel/framework/src/Illuminate/Container/Util.php(43): Illuminate\\Container\\BoundMethod::{closure:Illuminate\\Container\\BoundMethod::call():35}()
#9 /var/www/html/vendor/laravel/framework/src/Illuminate/Container/BoundMethod.php(96): Illuminate\\Container\\Util::unwrapIfClosure()
#10 /var/www/html/vendor/laravel/framework/src/Illuminate/Container/BoundMethod.php(35): Illuminate\\Container\\BoundMethod::callBoundMethod()
#11 /var/www/html/vendor/laravel/framework/src/Illuminate/Container/Container.php(799): Illuminate\\Container\\BoundMethod::call()
#12 /var/www/html/vendor/laravel/framework/src/Illuminate/Console/Command.php(280): Illuminate\\Container\\Container->call()
#13 /var/www/html/vendor/symfony/console/Command/Command.php(291): Illuminate\\Console\\Command->execute()
#14 /var/www/html/vendor/laravel/framework/src/Illuminate/Console/Command.php(249): Symfony\\Component\\Console\\Command\\Command->run()
#15 /var/www/html/vendor/symfony/console/Application.php(1107): Illuminate\\Console\\Command->run()
#16 /var/www/html/vendor/symfony/console/Application.php(356): Symfony\\Component\\Console\\Application->doRunCommand()
#17 /var/www/html/vendor/symfony/console/Application.php(195): Symfony\\Component\\Console\\Application->doRun()
#18 /var/www/html/vendor/laravel/framework/src/Illuminate/Foundation/Console/Kernel.php(198): Symfony\\Component\\Console\\Application->run()
#19 /var/www/html/vendor/laravel/framework/src/Illuminate/Foundation/Application.php(1235): Illuminate\\Foundation\\Console\\Kernel->handle()
#20 /var/www/html/artisan(16): Illuminate\\Foundation\\Application->handleCommand()
#21 {main}

[previous exception] [object] (PDOException(code: 42S22): SQLSTATE[42S22]: Column not found: 1054 Unknown column 'sequence' in 'order clause' at /var/www/html/vendor/laravel/framework/src/Illuminate/Database/Connection.php:421)
[stacktrace]
#0 /var/www/html/vendor/laravel/framework/src/Illuminate/Database/Connection.php(421): PDO->prepare()
#1 /var/www/html/vendor/laravel/framework/src/Illuminate/Database/Connection.php(830): Illuminate\\Database\\Connection->{closure:Illuminate\\Database\\Connection::select():412}()
#2 /var/www/html/vendor/laravel/framework/src/Illuminate/Database/Connection.php(797): Illuminate\\Database\\Connection->runQueryCallback()
#3 /var/www/html/vendor/laravel/framework/src/Illuminate/Database/Connection.php(412): Illuminate\\Database\\Connection->run()
#4 /var/www/html/vendor/laravel/framework/src/Illuminate/Database/Query/Builder.php(3562): Illuminate\\Database\\Connection->select()
#5 /var/www/html/vendor/laravel/framework/src/Illuminate/Database/Query/Builder.php(3546): Illuminate\\Database\\Query\\Builder->runSelect()
#6 /var/www/html/app/Console/Commands/DispatchDomainOutbox.php(26): Illuminate\\Database\\Query\\Builder->get()
#7 /var/www/html/vendor/laravel/framework/src/Illuminate/Cache/Lock.php(131): App\\Console\\Commands\\DispatchDomainOutbox->{closure:App\\Console\\Commands\\DispatchDomainOutbox::handle():18}()
#8 /var/www/html/app/Console/Commands/DispatchDomainOutbox.php(18): Illuminate\\Cache\\Lock->block()
#9 /var/www/html/vendor/laravel/framework/src/Illuminate/Container/BoundMethod.php(36): App\\Console\\Commands\\DispatchDomainOutbox->handle()
#10 /var/www/html/vendor/laravel/framework/src/Illuminate/Container/Util.php(43): Illuminate\\Container\\BoundMethod::{closure:Illuminate\\Container\\BoundMethod::call():35}()
#11 /var/www/html/vendor/laravel/framework/src/Illuminate/Container/BoundMethod.php(96): Illuminate\\Container\\Util::unwrapIfClosure()
#12 /var/www/html/vendor/laravel/framework/src/Illuminate/Container/BoundMethod.php(35): Illuminate\\Container\\BoundMethod::callBoundMethod()
#13 /var/www/html/vendor/laravel/framework/src/Illuminate/Container/Container.php(799): Illuminate\\Container\\BoundMethod::call()
#14 /var/www/html/vendor/laravel/framework/src/Illuminate/Console/Command.php(280): Illuminate\\Container\\Container->call()
#15 /var/www/html/vendor/symfony/console/Command/Command.php(291): Illuminate\\Console\\Command->execute()
#16 /var/www/html/vendor/laravel/framework/src/Illuminate/Console/Command.php(249): Symfony\\Component\\Console\\Command\\Command->run()
#17 /var/www/html/vendor/symfony/console/Application.php(1107): Illuminate\\Console\\Command->run()
#18 /var/www/html/vendor/symfony/console/Application.php(356): Symfony\\Component\\Console\\Application->doRunCommand()
#19 /var/www/html/vendor/symfony/console/Application.php(195): Symfony\\Component\\Console\\Application->doRun()
#20 /var/www/html/vendor/laravel/framework/src/Illuminate/Foundation/Console/Kernel.php(198): Symfony\\Component\\Console\\Application->run()
#21 /var/www/html/vendor/laravel/framework/src/Illuminate/Foundation/Application.php(1235): Illuminate\\Foundation\\Console\\Kernel->handle()
#22 /var/www/html/artisan(16): Illuminate\\Foundation\\Application->handleCommand()
#23 {main}
"} 
[2026-09-26 10:07:06] local.ERROR: Scheduled command ['/usr/bin/php8.5' 'artisan' domain:dispatch-outbox] failed with exit code [1]. {"exception":"[object] (Exception(code: 0): Scheduled command ['/usr/bin/php8.5' 'artisan' domain:dispatch-outbox] failed with exit code [1]. at /var/www/html/vendor/laravel/framework/src/Illuminate/Console/Scheduling/ScheduleRunCommand.php:215)
[stacktrace]
#0 /var/www/html/vendor/laravel/framework/src/Illuminate/Console/View/Components/Task.php(43): Illuminate\\Console\\Scheduling\\ScheduleRunCommand->{closure:Illuminate\\Console\\Scheduling\\ScheduleRunCommand::runEvent():199}()
#1 /var/www/html/vendor/laravel/framework/src/Illuminate/Console/View/Components/Factory.php(59): Illuminate\\Console\\View\\Components\\Task->render()
#2 /var/www/html/vendor/laravel/framework/src/Illuminate/Console/Scheduling/ScheduleRunCommand.php(199): Illuminate\\Console\\View\\Components\\Factory->__call()
#3 /var/www/html/vendor/laravel/framework/src/Illuminate/Console/Scheduling/ScheduleRunCommand.php(282): Illuminate\\Console\\Scheduling\\ScheduleRunCommand->runEvent()
#4 /var/www/html/vendor/laravel/framework/src/Illuminate/Console/Scheduling/ScheduleRunCommand.php(149): Illuminate\\Console\\Scheduling\\ScheduleRunCommand->repeatEvents()
#5 /var/www/html/vendor/laravel/framework/src/Illuminate/Container/BoundMethod.php(36): Illuminate\\Console\\Scheduling\\ScheduleRunCommand->handle()
#6 /var/www/html/vendor/laravel/framework/src/Illuminate/Container/Util.php(43): Illuminate\\Container\\BoundMethod::{closure:Illuminate\\Container\\BoundMethod::call():35}()
#7 /var/www/html/vendor/laravel/framework/src/Illuminate/Container/BoundMethod.php(96): Illuminate\\Container\\Util::unwrapIfClosure()
#8 /var/www/html/vendor/laravel/framework/src/Illuminate/Container/BoundMethod.php(35): Illuminate\\Container\\BoundMethod::callBoundMethod()
#9 /var/www/html/vendor/laravel/framework/src/Illuminate/Container/Container.php(799): Illuminate\\Container\\BoundMethod::call()
#10 /var/www/html/vendor/laravel/framework/src/Illuminate/Console/Command.php(280): Illuminate\\Container\\Container->call()
#11 /var/www/html/vendor/symfony/console/Command/Command.php(291): Illuminate\\Console\\Command->execute()
#12 /var/www/html/vendor/laravel/framework/src/Illuminate/Console/Command.php(249): Symfony\\Component\\Console\\Command\\Command->run()
#13 /var/www/html/vendor/symfony/console/Application.php(1107): Illuminate\\Console\\Command->run()
#14 /var/www/html/vendor/symfony/console/Application.php(356): Symfony\\Component\\Console\\Application->doRunCommand()
#15 /var/www/html/vendor/symfony/console/Application.php(195): Symfony\\Component\\Console\\Application->doRun()
#16 /var/www/html/vendor/laravel/framework/src/Illuminate/Foundation/Console/Kernel.php(198): Symfony\\Component\\Console\\Application->run()
#17 /var/www/html/vendor/laravel/framework/src/Illuminate/Foundation/Application.php(1235): Illuminate\\Foundation\\Console\\Kernel->handle()
#18 /var/www/html/artisan(16): Illuminate\\Foundation\\Application->handleCommand()
#19 {main}
"} 
[2026-09-26 10:07:07] local.ERROR: SQLSTATE[42S22]: Column not found: 1054 Unknown column 'sequence' in 'order clause' (Connection: mysql, Host: mysql, Port: 3306, Database: pos_event_driven, SQL: select * from `domain_outbox` where `processed_at` is null and (`dispatched_at` is null or `dispatched_at` < 2026-09-26 10:06:07) order by `sequence` asc limit 100) {"exception":"[object] (Illuminate\\Database\\QueryException(code: 42S22): SQLSTATE[42S22]: Column not found: 1054 Unknown column 'sequence' in 'order clause' (Connection: mysql, Host: mysql, Port: 3306, Database: pos_event_driven, SQL: select * from `domain_outbox` where `processed_at` is null and (`dispatched_at` is null or `dispatched_at` < 2026-09-26 10:06:07) order by `sequence` asc limit 100) at /var/www/html/vendor/laravel/framework/src/Illuminate/Database/Connection.php:841)
[stacktrace]
#0 /var/www/html/vendor/laravel/framework/src/Illuminate/Database/Connection.php(797): Illuminate\\Database\\Connection->runQueryCallback()
#1 /var/www/html/vendor/laravel/framework/src/Illuminate/Database/Connection.php(412): Illuminate\\Database\\Connection->run()
#2 /var/www/html/vendor/laravel/framework/src/Illuminate/Database/Query/Builder.php(3562): Illuminate\\Database\\Connection->select()
#3 /var/www/html/vendor/laravel/framework/src/Illuminate/Database/Query/Builder.php(3546): Illuminate\\Database\\Query\\Builder->runSelect()
#4 /var/www/html/app/Console/Commands/DispatchDomainOutbox.php(26): Illuminate\\Database\\Query\\Builder->get()
#5 /var/www/html/vendor/laravel/framework/src/Illuminate/Cache/Lock.php(131): App\\Console\\Commands\\DispatchDomainOutbox->{closure:App\\Console\\Commands\\DispatchDomainOutbox::handle():18}()
#6 /var/www/html/app/Console/Commands/DispatchDomainOutbox.php(18): Illuminate\\Cache\\Lock->block()
#7 /var/www/html/vendor/laravel/framework/src/Illuminate/Container/BoundMethod.php(36): App\\Console\\Commands\\DispatchDomainOutbox->handle()
#8 /var/www/html/vendor/laravel/framework/src/Illuminate/Container/Util.php(43): Illuminate\\Container\\BoundMethod::{closure:Illuminate\\Container\\BoundMethod::call():35}()
#9 /var/www/html/vendor/laravel/framework/src/Illuminate/Container/BoundMethod.php(96): Illuminate\\Container\\Util::unwrapIfClosure()
#10 /var/www/html/vendor/laravel/framework/src/Illuminate/Container/BoundMethod.php(35): Illuminate\\Container\\BoundMethod::callBoundMethod()
#11 /var/www/html/vendor/laravel/framework/src/Illuminate/Container/Container.php(799): Illuminate\\Container\\BoundMethod::call()
#12 /var/www/html/vendor/laravel/framework/src/Illuminate/Console/Command.php(280): Illuminate\\Container\\Container->call()
#13 /var/www/html/vendor/symfony/console/Command/Command.php(291): Illuminate\\Console\\Command->execute()
#14 /var/www/html/vendor/laravel/framework/src/Illuminate/Console/Command.php(249): Symfony\\Component\\Console\\Command\\Command->run()
#15 /var/www/html/vendor/symfony/console/Application.php(1107): Illuminate\\Console\\Command->run()
#16 /var/www/html/vendor/symfony/console/Application.php(356): Symfony\\Component\\Console\\Application->doRunCommand()
#17 /var/www/html/vendor/symfony/console/Application.php(195): Symfony\\Component\\Console\\Application->doRun()
#18 /var/www/html/vendor/laravel/framework/src/Illuminate/Foundation/Console/Kernel.php(198): Symfony\\Component\\Console\\Application->run()
#19 /var/www/html/vendor/laravel/framework/src/Illuminate/Foundation/Application.php(1235): Illuminate\\Foundation\\Console\\Kernel->handle()
#20 /var/www/html/artisan(16): Illuminate\\Foundation\\Application->handleCommand()
#21 {main}

[previous exception] [object] (PDOException(code: 42S22): SQLSTATE[42S22]: Column not found: 1054 Unknown column 'sequence' in 'order clause' at /var/www/html/vendor/laravel/framework/src/Illuminate/Database/Connection.php:421)
[stacktrace]
#0 /var/www/html/vendor/laravel/framework/src/Illuminate/Database/Connection.php(421): PDO->prepare()
#1 /var/www/html/vendor/laravel/framework/src/Illuminate/Database/Connection.php(830): Illuminate\\Database\\Connection->{closure:Illuminate\\Database\\Connection::select():412}()
#2 /var/www/html/vendor/laravel/framework/src/Illuminate/Database/Connection.php(797): Illuminate\\Database\\Connection->runQueryCallback()
#3 /var/www/html/vendor/laravel/framework/src/Illuminate/Database/Connection.php(412): Illuminate\\Database\\Connection->run()
#4 /var/www/html/vendor/laravel/framework/src/Illuminate/Database/Query/Builder.php(3562): Illuminate\\Database\\Connection->select()
#5 /var/www/html/vendor/laravel/framework/src/Illuminate/Database/Query/Builder.php(3546): Illuminate\\Database\\Query\\Builder->runSelect()
#6 /var/www/html/app/Console/Commands/DispatchDomainOutbox.php(26): Illuminate\\Database\\Query\\Builder->get()
#7 /var/www/html/vendor/laravel/framework/src/Illuminate/Cache/Lock.php(131): App\\Console\\Commands\\DispatchDomainOutbox->{closure:App\\Console\\Commands\\DispatchDomainOutbox::handle():18}()
#8 /var/www/html/app/Console/Commands/DispatchDomainOutbox.php(18): Illuminate\\Cache\\Lock->block()
#9 /var/www/html/vendor/laravel/framework/src/Illuminate/Container/BoundMethod.php(36): App\\Console\\Commands\\DispatchDomainOutbox->handle()
#10 /var/www/html/vendor/laravel/framework/src/Illuminate/Container/Util.php(43): Illuminate\\Container\\BoundMethod::{closure:Illuminate\\Container\\BoundMethod::call():35}()
#11 /var/www/html/vendor/laravel/framework/src/Illuminate/Container/BoundMethod.php(96): Illuminate\\Container\\Util::unwrapIfClosure()
#12 /var/www/html/vendor/laravel/framework/src/Illuminate/Container/BoundMethod.php(35): Illuminate\\Container\\BoundMethod::callBoundMethod()
#13 /var/www/html/vendor/laravel/framework/src/Illuminate/Container/Container.php(799): Illuminate\\Container\\BoundMethod::call()
#14 /var/www/html/vendor/laravel/framework/src/Illuminate/Console/Command.php(280): Illuminate\\Container\\Container->call()
#15 /var/www/html/vendor/symfony/console/Command/Command.php(291): Illuminate\\Console\\Command->execute()
#16 /var/www/html/vendor/laravel/framework/src/Illuminate/Console/Command.php(249): Symfony\\Component\\Console\\Command\\Command->run()
#17 /var/www/html/vendor/symfony/console/Application.php(1107): Illuminate\\Console\\Command->run()
#18 /var/www/html/vendor/symfony/console/Application.php(356): Symfony\\Component\\Console\\Application->doRunCommand()
#19 /var/www/html/vendor/symfony/console/Application.php(195): Symfony\\Component\\Console\\Application->doRun()
#20 /var/www/html/vendor/laravel/framework/src/Illuminate/Foundation/Console/Kernel.php(198): Symfony\\Component\\Console\\Application->run()
#21 /var/www/html/vendor/laravel/framework/src/Illuminate/Foundation/Application.php(1235): Illuminate\\Foundation\\Console\\Kernel->handle()
#22 /var/www/html/artisan(16): Illuminate\\Foundation\\Application->handleCommand()
#23 {main}
"} 
[2026-09-26 10:07:07] local.ERROR: Scheduled command ['/usr/bin/php8.5' 'artisan' domain:dispatch-outbox] failed with exit code [1]. {"exception":"[object] (Exception(code: 0): Scheduled command ['/usr/bin/php8.5' 'artisan' domain:dispatch-outbox] failed with exit code [1]. at /var/www/html/vendor/laravel/framework/src/Illuminate/Console/Scheduling/ScheduleRunCommand.php:215)
[stacktrace]
#0 /var/www/html/vendor/laravel/framework/src/Illuminate/Console/View/Components/Task.php(43): Illuminate\\Console\\Scheduling\\ScheduleRunCommand->{closure:Illuminate\\Console\\Scheduling\\ScheduleRunCommand::runEvent():199}()
#1 /var/www/html/vendor/laravel/framework/src/Illuminate/Console/View/Components/Factory.php(59): Illuminate\\Console\\View\\Components\\Task->render()
#2 /var/www/html/vendor/laravel/framework/src/Illuminate/Console/Scheduling/ScheduleRunCommand.php(199): Illuminate\\Console\\View\\Components\\Factory->__call()
#3 /var/www/html/vendor/laravel/framework/src/Illuminate/Console/Scheduling/ScheduleRunCommand.php(282): Illuminate\\Console\\Scheduling\\ScheduleRunCommand->runEvent()
#4 /var/www/html/vendor/laravel/framework/src/Illuminate/Console/Scheduling/ScheduleRunCommand.php(149): Illuminate\\Console\\Scheduling\\ScheduleRunCommand->repeatEvents()
#5 /var/www/html/vendor/laravel/framework/src/Illuminate/Container/BoundMethod.php(36): Illuminate\\Console\\Scheduling\\ScheduleRunCommand->handle()
#6 /var/www/html/vendor/laravel/framework/src/Illuminate/Container/Util.php(43): Illuminate\\Container\\BoundMethod::{closure:Illuminate\\Container\\BoundMethod::call():35}()
#7 /var/www/html/vendor/laravel/framework/src/Illuminate/Container/BoundMethod.php(96): Illuminate\\Container\\Util::unwrapIfClosure()
#8 /var/www/html/vendor/laravel/framework/src/Illuminate/Container/BoundMethod.php(35): Illuminate\\Container\\BoundMethod::callBoundMethod()
#9 /var/www/html/vendor/laravel/framework/src/Illuminate/Container/Container.php(799): Illuminate\\Container\\BoundMethod::call()
#10 /var/www/html/vendor/laravel/framework/src/Illuminate/Console/Command.php(280): Illuminate\\Container\\Container->call()
#11 /var/www/html/vendor/symfony/console/Command/Command.php(291): Illuminate\\Console\\Command->execute()
#12 /var/www/html/vendor/laravel/framework/src/Illuminate/Console/Command.php(249): Symfony\\Component\\Console\\Command\\Command->run()
#13 /var/www/html/vendor/symfony/console/Application.php(1107): Illuminate\\Console\\Command->run()
#14 /var/www/html/vendor/symfony/console/Application.php(356): Symfony\\Component\\Console\\Application->doRunCommand()
#15 /var/www/html/vendor/symfony/console/Application.php(195): Symfony\\Component\\Console\\Application->doRun()
#16 /var/www/html/vendor/laravel/framework/src/Illuminate/Foundation/Console/Kernel.php(198): Symfony\\Component\\Console\\Application->run()
#17 /var/www/html/vendor/laravel/framework/src/Illuminate/Foundation/Application.php(1235): Illuminate\\Foundation\\Console\\Kernel->handle()
#18 /var/www/html/artisan(16): Illuminate\\Foundation\\Application->handleCommand()
#19 {main}
"} 
[2026-09-26 10:07:08] local.ERROR: SQLSTATE[42S22]: Column not found: 1054 Unknown column 'sequence' in 'order clause' (Connection: mysql, Host: mysql, Port: 3306, Database: pos_event_driven, SQL: select * from `domain_outbox` where `processed_at` is null and (`dispatched_at` is null or `dispatched_at` < 2026-09-26 10:06:08) order by `sequence` asc limit 100) {"exception":"[object] (Illuminate\\Database\\QueryException(code: 42S22): SQLSTATE[42S22]: Column not found: 1054 Unknown column 'sequence' in 'order clause' (Connection: mysql, Host: mysql, Port: 3306, Database: pos_event_driven, SQL: select * from `domain_outbox` where `processed_at` is null and (`dispatched_at` is null or `dispatched_at` < 2026-09-26 10:06:08) order by `sequence` asc limit 100) at /var/www/html/vendor/laravel/framework/src/Illuminate/Database/Connection.php:841)
[stacktrace]
#0 /var/www/html/vendor/laravel/framework/src/Illuminate/Database/Connection.php(797): Illuminate\\Database\\Connection->runQueryCallback()
#1 /var/www/html/vendor/laravel/framework/src/Illuminate/Database/Connection.php(412): Illuminate\\Database\\Connection->run()
#2 /var/www/html/vendor/laravel/framework/src/Illuminate/Database/Query/Builder.php(3562): Illuminate\\Database\\Connection->select()
#3 /var/www/html/vendor/laravel/framework/src/Illuminate/Database/Query/Builder.php(3546): Illuminate\\Database\\Query\\Builder->runSelect()
#4 /var/www/html/app/Console/Commands/DispatchDomainOutbox.php(26): Illuminate\\Database\\Query\\Builder->get()
#5 /var/www/html/vendor/laravel/framework/src/Illuminate/Cache/Lock.php(131): App\\Console\\Commands\\DispatchDomainOutbox->{closure:App\\Console\\Commands\\DispatchDomainOutbox::handle():18}()
#6 /var/www/html/app/Console/Commands/DispatchDomainOutbox.php(18): Illuminate\\Cache\\Lock->block()
#7 /var/www/html/vendor/laravel/framework/src/Illuminate/Container/BoundMethod.php(36): App\\Console\\Commands\\DispatchDomainOutbox->handle()
#8 /var/www/html/vendor/laravel/framework/src/Illuminate/Container/Util.php(43): Illuminate\\Container\\BoundMethod::{closure:Illuminate\\Container\\BoundMethod::call():35}()
#9 /var/www/html/vendor/laravel/framework/src/Illuminate/Container/BoundMethod.php(96): Illuminate\\Container\\Util::unwrapIfClosure()
#10 /var/www/html/vendor/laravel/framework/src/Illuminate/Container/BoundMethod.php(35): Illuminate\\Container\\BoundMethod::callBoundMethod()
#11 /var/www/html/vendor/laravel/framework/src/Illuminate/Container/Container.php(799): Illuminate\\Container\\BoundMethod::call()
#12 /var/www/html/vendor/laravel/framework/src/Illuminate/Console/Command.php(280): Illuminate\\Container\\Container->call()
#13 /var/www/html/vendor/symfony/console/Command/Command.php(291): Illuminate\\Console\\Command->execute()
#14 /var/www/html/vendor/laravel/framework/src/Illuminate/Console/Command.php(249): Symfony\\Component\\Console\\Command\\Command->run()
#15 /var/www/html/vendor/symfony/console/Application.php(1107): Illuminate\\Console\\Command->run()
#16 /var/www/html/vendor/symfony/console/Application.php(356): Symfony\\Component\\Console\\Application->doRunCommand()
#17 /var/www/html/vendor/symfony/console/Application.php(195): Symfony\\Component\\Console\\Application->doRun()
#18 /var/www/html/vendor/laravel/framework/src/Illuminate/Foundation/Console/Kernel.php(198): Symfony\\Component\\Console\\Application->run()
#19 /var/www/html/vendor/laravel/framework/src/Illuminate/Foundation/Application.php(1235): Illuminate\\Foundation\\Console\\Kernel->handle()
#20 /var/www/html/artisan(16): Illuminate\\Foundation\\Application->handleCommand()
#21 {main}

[previous exception] [object] (PDOException(code: 42S22): SQLSTATE[42S22]: Column not found: 1054 Unknown column 'sequence' in 'order clause' at /var/www/html/vendor/laravel/framework/src/Illuminate/Database/Connection.php:421)
[stacktrace]
#0 /var/www/html/vendor/laravel/framework/src/Illuminate/Database/Connection.php(421): PDO->prepare()
#1 /var/www/html/vendor/laravel/framework/src/Illuminate/Database/Connection.php(830): Illuminate\\Database\\Connection->{closure:Illuminate\\Database\\Connection::select():412}()
#2 /var/www/html/vendor/laravel/framework/src/Illuminate/Database/Connection.php(797): Illuminate\\Database\\Connection->runQueryCallback()
#3 /var/www/html/vendor/laravel/framework/src/Illuminate/Database/Connection.php(412): Illuminate\\Database\\Connection->run()
#4 /var/www/html/vendor/laravel/framework/src/Illuminate/Database/Query/Builder.php(3562): Illuminate\\Database\\Connection->select()
#5 /var/www/html/vendor/laravel/framework/src/Illuminate/Database/Query/Builder.php(3546): Illuminate\\Database\\Query\\Builder->runSelect()
#6 /var/www/html/app/Console/Commands/DispatchDomainOutbox.php(26): Illuminate\\Database\\Query\\Builder->get()
#7 /var/www/html/vendor/laravel/framework/src/Illuminate/Cache/Lock.php(131): App\\Console\\Commands\\DispatchDomainOutbox->{closure:App\\Console\\Commands\\DispatchDomainOutbox::handle():18}()
#8 /var/www/html/app/Console/Commands/DispatchDomainOutbox.php(18): Illuminate\\Cache\\Lock->block()
#9 /var/www/html/vendor/laravel/framework/src/Illuminate/Container/BoundMethod.php(36): App\\Console\\Commands\\DispatchDomainOutbox->handle()
#10 /var/www/html/vendor/laravel/framework/src/Illuminate/Container/Util.php(43): Illuminate\\Container\\BoundMethod::{closure:Illuminate\\Container\\BoundMethod::call():35}()
#11 /var/www/html/vendor/laravel/framework/src/Illuminate/Container/BoundMethod.php(96): Illuminate\\Container\\Util::unwrapIfClosure()
#12 /var/www/html/vendor/laravel/framework/src/Illuminate/Container/BoundMethod.php(35): Illuminate\\Container\\BoundMethod::callBoundMethod()
#13 /var/www/html/vendor/laravel/framework/src/Illuminate/Container/Container.php(799): Illuminate\\Container\\BoundMethod::call()
#14 /var/www/html/vendor/laravel/framework/src/Illuminate/Console/Command.php(280): Illuminate\\Container\\Container->call()
#15 /var/www/html/vendor/symfony/console/Command/Command.php(291): Illuminate\\Console\\Command->execute()
#16 /var/www/html/vendor/laravel/framework/src/Illuminate/Console/Command.php(249): Symfony\\Component\\Console\\Command\\Command->run()
#17 /var/www/html/vendor/symfony/console/Application.php(1107): Illuminate\\Console\\Command->run()
#18 /var/www/html/vendor/symfony/console/Application.php(356): Symfony\\Component\\Console\\Application->doRunCommand()
#19 /var/www/html/vendor/symfony/console/Application.php(195): Symfony\\Component\\Console\\Application->doRun()
#20 /var/www/html/vendor/laravel/framework/src/Illuminate/Foundation/Console/Kernel.php(198): Symfony\\Component\\Console\\Application->run()
#21 /var/www/html/vendor/laravel/framework/src/Illuminate/Foundation/Application.php(1235): Illuminate\\Foundation\\Console\\Kernel->handle()
#22 /var/www/html/artisan(16): Illuminate\\Foundation\\Application->handleCommand()
#23 {main}
"} 
[2026-09-26 10:07:09] local.ERROR: Scheduled command ['/usr/bin/php8.5' 'artisan' domain:dispatch-outbox] failed with exit code [1]. {"exception":"[object] (Exception(code: 0): Scheduled command ['/usr/bin/php8.5' 'artisan' domain:dispatch-outbox] failed with exit code [1]. at /var/www/html/vendor/laravel/framework/src/Illuminate/Console/Scheduling/ScheduleRunCommand.php:215)
[stacktrace]
#0 /var/www/html/vendor/laravel/framework/src/Illuminate/Console/View/Components/Task.php(43): Illuminate\\Console\\Scheduling\\ScheduleRunCommand->{closure:Illuminate\\Console\\Scheduling\\ScheduleRunCommand::runEvent():199}()
#1 /var/www/html/vendor/laravel/framework/src/Illuminate/Console/View/Components/Factory.php(59): Illuminate\\Console\\View\\Components\\Task->render()
#2 /var/www/html/vendor/laravel/framework/src/Illuminate/Console/Scheduling/ScheduleRunCommand.php(199): Illuminate\\Console\\View\\Components\\Factory->__call()
#3 /var/www/html/vendor/laravel/framework/src/Illuminate/Console/Scheduling/ScheduleRunCommand.php(282): Illuminate\\Console\\Scheduling\\ScheduleRunCommand->runEvent()
#4 /var/www/html/vendor/laravel/framework/src/Illuminate/Console/Scheduling/ScheduleRunCommand.php(149): Illuminate\\Console\\Scheduling\\ScheduleRunCommand->repeatEvents()
#5 /var/www/html/vendor/laravel/framework/src/Illuminate/Container/BoundMethod.php(36): Illuminate\\Console\\Scheduling\\ScheduleRunCommand->handle()
#6 /var/www/html/vendor/laravel/framework/src/Illuminate/Container/Util.php(43): Illuminate\\Container\\BoundMethod::{closure:Illuminate\\Container\\BoundMethod::call():35}()
#7 /var/www/html/vendor/laravel/framework/src/Illuminate/Container/BoundMethod.php(96): Illuminate\\Container\\Util::unwrapIfClosure()
#8 /var/www/html/vendor/laravel/framework/src/Illuminate/Container/BoundMethod.php(35): Illuminate\\Container\\BoundMethod::callBoundMethod()
#9 /var/www/html/vendor/laravel/framework/src/Illuminate/Container/Container.php(799): Illuminate\\Container\\BoundMethod::call()
#10 /var/www/html/vendor/laravel/framework/src/Illuminate/Console/Command.php(280): Illuminate\\Container\\Container->call()
#11 /var/www/html/vendor/symfony/console/Command/Command.php(291): Illuminate\\Console\\Command->execute()
#12 /var/www/html/vendor/laravel/framework/src/Illuminate/Console/Command.php(249): Symfony\\Component\\Console\\Command\\Command->run()
#13 /var/www/html/vendor/symfony/console/Application.php(1107): Illuminate\\Console\\Command->run()
#14 /var/www/html/vendor/symfony/console/Application.php(356): Symfony\\Component\\Console\\Application->doRunCommand()
#15 /var/www/html/vendor/symfony/console/Application.php(195): Symfony\\Component\\Console\\Application->doRun()
#16 /var/www/html/vendor/laravel/framework/src/Illuminate/Foundation/Console/Kernel.php(198): Symfony\\Component\\Console\\Application->run()
#17 /var/www/html/vendor/laravel/framework/src/Illuminate/Foundation/Application.php(1235): Illuminate\\Foundation\\Console\\Kernel->handle()
#18 /var/www/html/artisan(16): Illuminate\\Foundation\\Application->handleCommand()
#19 {main}
"} 
[2026-09-26 10:07:10] local.ERROR: SQLSTATE[42S22]: Column not found: 1054 Unknown column 'sequence' in 'order clause' (Connection: mysql, Host: mysql, Port: 3306, Database: pos_event_driven, SQL: select * from `domain_outbox` where `processed_at` is null and (`dispatched_at` is null or `dispatched_at` < 2026-09-26 10:06:10) order by `sequence` asc limit 100) {"exception":"[object] (Illuminate\\Database\\QueryException(code: 42S22): SQLSTATE[42S22]: Column not found: 1054 Unknown column 'sequence' in 'order clause' (Connection: mysql, Host: mysql, Port: 3306, Database: pos_event_driven, SQL: select * from `domain_outbox` where `processed_at` is null and (`dispatched_at` is null or `dispatched_at` < 2026-09-26 10:06:10) order by `sequence` asc limit 100) at /var/www/html/vendor/laravel/framework/src/Illuminate/Database/Connection.php:841)
[stacktrace]
#0 /var/www/html/vendor/laravel/framework/src/Illuminate/Database/Connection.php(797): Illuminate\\Database\\Connection->runQueryCallback()
#1 /var/www/html/vendor/laravel/framework/src/Illuminate/Database/Connection.php(412): Illuminate\\Database\\Connection->run()
#2 /var/www/html/vendor/laravel/framework/src/Illuminate/Database/Query/Builder.php(3562): Illuminate\\Database\\Connection->select()
#3 /var/www/html/vendor/laravel/framework/src/Illuminate/Database/Query/Builder.php(3546): Illuminate\\Database\\Query\\Builder->runSelect()
#4 /var/www/html/app/Console/Commands/DispatchDomainOutbox.php(26): Illuminate\\Database\\Query\\Builder->get()
#5 /var/www/html/vendor/laravel/framework/src/Illuminate/Cache/Lock.php(131): App\\Console\\Commands\\DispatchDomainOutbox->{closure:App\\Console\\Commands\\DispatchDomainOutbox::handle():18}()
#6 /var/www/html/app/Console/Commands/DispatchDomainOutbox.php(18): Illuminate\\Cache\\Lock->block()
#7 /var/www/html/vendor/laravel/framework/src/Illuminate/Container/BoundMethod.php(36): App\\Console\\Commands\\DispatchDomainOutbox->handle()
#8 /var/www/html/vendor/laravel/framework/src/Illuminate/Container/Util.php(43): Illuminate\\Container\\BoundMethod::{closure:Illuminate\\Container\\BoundMethod::call():35}()
#9 /var/www/html/vendor/laravel/framework/src/Illuminate/Container/BoundMethod.php(96): Illuminate\\Container\\Util::unwrapIfClosure()
#10 /var/www/html/vendor/laravel/framework/src/Illuminate/Container/BoundMethod.php(35): Illuminate\\Container\\BoundMethod::callBoundMethod()
#11 /var/www/html/vendor/laravel/framework/src/Illuminate/Container/Container.php(799): Illuminate\\Container\\BoundMethod::call()
#12 /var/www/html/vendor/laravel/framework/src/Illuminate/Console/Command.php(280): Illuminate\\Container\\Container->call()
#13 /var/www/html/vendor/symfony/console/Command/Command.php(291): Illuminate\\Console\\Command->execute()
#14 /var/www/html/vendor/laravel/framework/src/Illuminate/Console/Command.php(249): Symfony\\Component\\Console\\Command\\Command->run()
#15 /var/www/html/vendor/symfony/console/Application.php(1107): Illuminate\\Console\\Command->run()
#16 /var/www/html/vendor/symfony/console/Application.php(356): Symfony\\Component\\Console\\Application->doRunCommand()
#17 /var/www/html/vendor/symfony/console/Application.php(195): Symfony\\Component\\Console\\Application->doRun()
#18 /var/www/html/vendor/laravel/framework/src/Illuminate/Foundation/Console/Kernel.php(198): Symfony\\Component\\Console\\Application->run()
#19 /var/www/html/vendor/laravel/framework/src/Illuminate/Foundation/Application.php(1235): Illuminate\\Foundation\\Console\\Kernel->handle()
#20 /var/www/html/artisan(16): Illuminate\\Foundation\\Application->handleCommand()
#21 {main}

[previous exception] [object] (PDOException(code: 42S22): SQLSTATE[42S22]: Column not found: 1054 Unknown column 'sequence' in 'order clause' at /var/www/html/vendor/laravel/framework/src/Illuminate/Database/Connection.php:421)
[stacktrace]
#0 /var/www/html/vendor/laravel/framework/src/Illuminate/Database/Connection.php(421): PDO->prepare()
#1 /var/www/html/vendor/laravel/framework/src/Illuminate/Database/Connection.php(830): Illuminate\\Database\\Connection->{closure:Illuminate\\Database\\Connection::select():412}()
#2 /var/www/html/vendor/laravel/framework/src/Illuminate/Database/Connection.php(797): Illuminate\\Database\\Connection->runQueryCallback()
#3 /var/www/html/vendor/laravel/framework/src/Illuminate/Database/Connection.php(412): Illuminate\\Database\\Connection->run()
#4 /var/www/html/vendor/laravel/framework/src/Illuminate/Database/Query/Builder.php(3562): Illuminate\\Database\\Connection->select()
#5 /var/www/html/vendor/laravel/framework/src/Illuminate/Database/Query/Builder.php(3546): Illuminate\\Database\\Query\\Builder->runSelect()
#6 /var/www/html/app/Console/Commands/DispatchDomainOutbox.php(26): Illuminate\\Database\\Query\\Builder->get()
#7 /var/www/html/vendor/laravel/framework/src/Illuminate/Cache/Lock.php(131): App\\Console\\Commands\\DispatchDomainOutbox->{closure:App\\Console\\Commands\\DispatchDomainOutbox::handle():18}()
#8 /var/www/html/app/Console/Commands/DispatchDomainOutbox.php(18): Illuminate\\Cache\\Lock->block()
#9 /var/www/html/vendor/laravel/framework/src/Illuminate/Container/BoundMethod.php(36): App\\Console\\Commands\\DispatchDomainOutbox->handle()
#10 /var/www/html/vendor/laravel/framework/src/Illuminate/Container/Util.php(43): Illuminate\\Container\\BoundMethod::{closure:Illuminate\\Container\\BoundMethod::call():35}()
#11 /var/www/html/vendor/laravel/framework/src/Illuminate/Container/BoundMethod.php(96): Illuminate\\Container\\Util::unwrapIfClosure()
#12 /var/www/html/vendor/laravel/framework/src/Illuminate/Container/BoundMethod.php(35): Illuminate\\Container\\BoundMethod::callBoundMethod()
#13 /var/www/html/vendor/laravel/framework/src/Illuminate/Container/Container.php(799): Illuminate\\Container\\BoundMethod::call()
#14 /var/www/html/vendor/laravel/framework/src/Illuminate/Console/Command.php(280): Illuminate\\Container\\Container->call()
#15 /var/www/html/vendor/symfony/console/Command/Command.php(291): Illuminate\\Console\\Command->execute()
#16 /var/www/html/vendor/laravel/framework/src/Illuminate/Console/Command.php(249): Symfony\\Component\\Console\\Command\\Command->run()
#17 /var/www/html/vendor/symfony/console/Application.php(1107): Illuminate\\Console\\Command->run()
#18 /var/www/html/vendor/symfony/console/Application.php(356): Symfony\\Component\\Console\\Application->doRunCommand()
#19 /var/www/html/vendor/symfony/console/Application.php(195): Symfony\\Component\\Console\\Application->doRun()
#20 /var/www/html/vendor/laravel/framework/src/Illuminate/Foundation/Console/Kernel.php(198): Symfony\\Component\\Console\\Application->run()
#21 /var/www/html/vendor/laravel/framework/src/Illuminate/Foundation/Application.php(1235): Illuminate\\Foundation\\Console\\Kernel->handle()
#22 /var/www/html/artisan(16): Illuminate\\Foundation\\Application->handleCommand()
#23 {main}
"} 
[2026-09-26 10:07:10] local.ERROR: Scheduled command ['/usr/bin/php8.5' 'artisan' domain:dispatch-outbox] failed with exit code [1]. {"exception":"[object] (Exception(code: 0): Scheduled command ['/usr/bin/php8.5' 'artisan' domain:dispatch-outbox] failed with exit code [1]. at /var/www/html/vendor/laravel/framework/src/Illuminate/Console/Scheduling/ScheduleRunCommand.php:215)
[stacktrace]
#0 /var/www/html/vendor/laravel/framework/src/Illuminate/Console/View/Components/Task.php(43): Illuminate\\Console\\Scheduling\\ScheduleRunCommand->{closure:Illuminate\\Console\\Scheduling\\ScheduleRunCommand::runEvent():199}()
#1 /var/www/html/vendor/laravel/framework/src/Illuminate/Console/View/Components/Factory.php(59): Illuminate\\Console\\View\\Components\\Task->render()
#2 /var/www/html/vendor/laravel/framework/src/Illuminate/Console/Scheduling/ScheduleRunCommand.php(199): Illuminate\\Console\\View\\Components\\Factory->__call()
#3 /var/www/html/vendor/laravel/framework/src/Illuminate/Console/Scheduling/ScheduleRunCommand.php(282): Illuminate\\Console\\Scheduling\\ScheduleRunCommand->runEvent()
#4 /var/www/html/vendor/laravel/framework/src/Illuminate/Console/Scheduling/ScheduleRunCommand.php(149): Illuminate\\Console\\Scheduling\\ScheduleRunCommand->repeatEvents()
#5 /var/www/html/vendor/laravel/framework/src/Illuminate/Container/BoundMethod.php(36): Illuminate\\Console\\Scheduling\\ScheduleRunCommand->handle()
#6 /var/www/html/vendor/laravel/framework/src/Illuminate/Container/Util.php(43): Illuminate\\Container\\BoundMethod::{closure:Illuminate\\Container\\BoundMethod::call():35}()
#7 /var/www/html/vendor/laravel/framework/src/Illuminate/Container/BoundMethod.php(96): Illuminate\\Container\\Util::unwrapIfClosure()
#8 /var/www/html/vendor/laravel/framework/src/Illuminate/Container/BoundMethod.php(35): Illuminate\\Container\\BoundMethod::callBoundMethod()
#9 /var/www/html/vendor/laravel/framework/src/Illuminate/Container/Container.php(799): Illuminate\\Container\\BoundMethod::call()
#10 /var/www/html/vendor/laravel/framework/src/Illuminate/Console/Command.php(280): Illuminate\\Container\\Container->call()
#11 /var/www/html/vendor/symfony/console/Command/Command.php(291): Illuminate\\Console\\Command->execute()
#12 /var/www/html/vendor/laravel/framework/src/Illuminate/Console/Command.php(249): Symfony\\Component\\Console\\Command\\Command->run()
#13 /var/www/html/vendor/symfony/console/Application.php(1107): Illuminate\\Console\\Command->run()
#14 /var/www/html/vendor/symfony/console/Application.php(356): Symfony\\Component\\Console\\Application->doRunCommand()
#15 /var/www/html/vendor/symfony/console/Application.php(195): Symfony\\Component\\Console\\Application->doRun()
#16 /var/www/html/vendor/laravel/framework/src/Illuminate/Foundation/Console/Kernel.php(198): Symfony\\Component\\Console\\Application->run()
#17 /var/www/html/vendor/laravel/framework/src/Illuminate/Foundation/Application.php(1235): Illuminate\\Foundation\\Console\\Kernel->handle()
#18 /var/www/html/artisan(16): Illuminate\\Foundation\\Application->handleCommand()
#19 {main}
"} 
[2026-09-26 10:07:11] local.ERROR: SQLSTATE[42S02]: Base table or view not found: 1146 Table 'pos_event_driven.domain_outbox' doesn't exist (Connection: mysql, Host: mysql, Port: 3306, Database: pos_event_driven, SQL: select * from `domain_outbox` where `processed_at` is null and (`dispatched_at` is null or `dispatched_at` < 2026-09-26 10:06:11) order by `sequence` asc limit 100) {"exception":"[object] (Illuminate\\Database\\QueryException(code: 42S02): SQLSTATE[42S02]: Base table or view not found: 1146 Table 'pos_event_driven.domain_outbox' doesn't exist (Connection: mysql, Host: mysql, Port: 3306, Database: pos_event_driven, SQL: select * from `domain_outbox` where `processed_at` is null and (`dispatched_at` is null or `dispatched_at` < 2026-09-26 10:06:11) order by `sequence` asc limit 100) at /var/www/html/vendor/laravel/framework/src/Illuminate/Database/Connection.php:841)
[stacktrace]
#0 /var/www/html/vendor/laravel/framework/src/Illuminate/Database/Connection.php(797): Illuminate\\Database\\Connection->runQueryCallback()
#1 /var/www/html/vendor/laravel/framework/src/Illuminate/Database/Connection.php(412): Illuminate\\Database\\Connection->run()
#2 /var/www/html/vendor/laravel/framework/src/Illuminate/Database/Query/Builder.php(3562): Illuminate\\Database\\Connection->select()
#3 /var/www/html/vendor/laravel/framework/src/Illuminate/Database/Query/Builder.php(3546): Illuminate\\Database\\Query\\Builder->runSelect()
#4 /var/www/html/app/Console/Commands/DispatchDomainOutbox.php(26): Illuminate\\Database\\Query\\Builder->get()
#5 /var/www/html/vendor/laravel/framework/src/Illuminate/Cache/Lock.php(131): App\\Console\\Commands\\DispatchDomainOutbox->{closure:App\\Console\\Commands\\DispatchDomainOutbox::handle():18}()
#6 /var/www/html/app/Console/Commands/DispatchDomainOutbox.php(18): Illuminate\\Cache\\Lock->block()
#7 /var/www/html/vendor/laravel/framework/src/Illuminate/Container/BoundMethod.php(36): App\\Console\\Commands\\DispatchDomainOutbox->handle()
#8 /var/www/html/vendor/laravel/framework/src/Illuminate/Container/Util.php(43): Illuminate\\Container\\BoundMethod::{closure:Illuminate\\Container\\BoundMethod::call():35}()
#9 /var/www/html/vendor/laravel/framework/src/Illuminate/Container/BoundMethod.php(96): Illuminate\\Container\\Util::unwrapIfClosure()
#10 /var/www/html/vendor/laravel/framework/src/Illuminate/Container/BoundMethod.php(35): Illuminate\\Container\\BoundMethod::callBoundMethod()
#11 /var/www/html/vendor/laravel/framework/src/Illuminate/Container/Container.php(799): Illuminate\\Container\\BoundMethod::call()
#12 /var/www/html/vendor/laravel/framework/src/Illuminate/Console/Command.php(280): Illuminate\\Container\\Container->call()
#13 /var/www/html/vendor/symfony/console/Command/Command.php(291): Illuminate\\Console\\Command->execute()
#14 /var/www/html/vendor/laravel/framework/src/Illuminate/Console/Command.php(249): Symfony\\Component\\Console\\Command\\Command->run()
#15 /var/www/html/vendor/symfony/console/Application.php(1107): Illuminate\\Console\\Command->run()
#16 /var/www/html/vendor/symfony/console/Application.php(356): Symfony\\Component\\Console\\Application->doRunCommand()
#17 /var/www/html/vendor/symfony/console/Application.php(195): Symfony\\Component\\Console\\Application->doRun()
#18 /var/www/html/vendor/laravel/framework/src/Illuminate/Foundation/Console/Kernel.php(198): Symfony\\Component\\Console\\Application->run()
#19 /var/www/html/vendor/laravel/framework/src/Illuminate/Foundation/Application.php(1235): Illuminate\\Foundation\\Console\\Kernel->handle()
#20 /var/www/html/artisan(16): Illuminate\\Foundation\\Application->handleCommand()
#21 {main}

[previous exception] [object] (PDOException(code: 42S02): SQLSTATE[42S02]: Base table or view not found: 1146 Table 'pos_event_driven.domain_outbox' doesn't exist at /var/www/html/vendor/laravel/framework/src/Illuminate/Database/Connection.php:421)
[stacktrace]
#0 /var/www/html/vendor/laravel/framework/src/Illuminate/Database/Connection.php(421): PDO->prepare()
#1 /var/www/html/vendor/laravel/framework/src/Illuminate/Database/Connection.php(830): Illuminate\\Database\\Connection->{closure:Illuminate\\Database\\Connection::select():412}()
#2 /var/www/html/vendor/laravel/framework/src/Illuminate/Database/Connection.php(797): Illuminate\\Database\\Connection->runQueryCallback()
#3 /var/www/html/vendor/laravel/framework/src/Illuminate/Database/Connection.php(412): Illuminate\\Database\\Connection->run()
#4 /var/www/html/vendor/laravel/framework/src/Illuminate/Database/Query/Builder.php(3562): Illuminate\\Database\\Connection->select()
#5 /var/www/html/vendor/laravel/framework/src/Illuminate/Database/Query/Builder.php(3546): Illuminate\\Database\\Query\\Builder->runSelect()
#6 /var/www/html/app/Console/Commands/DispatchDomainOutbox.php(26): Illuminate\\Database\\Query\\Builder->get()
#7 /var/www/html/vendor/laravel/framework/src/Illuminate/Cache/Lock.php(131): App\\Console\\Commands\\DispatchDomainOutbox->{closure:App\\Console\\Commands\\DispatchDomainOutbox::handle():18}()
#8 /var/www/html/app/Console/Commands/DispatchDomainOutbox.php(18): Illuminate\\Cache\\Lock->block()
#9 /var/www/html/vendor/laravel/framework/src/Illuminate/Container/BoundMethod.php(36): App\\Console\\Commands\\DispatchDomainOutbox->handle()
#10 /var/www/html/vendor/laravel/framework/src/Illuminate/Container/Util.php(43): Illuminate\\Container\\BoundMethod::{closure:Illuminate\\Container\\BoundMethod::call():35}()
#11 /var/www/html/vendor/laravel/framework/src/Illuminate/Container/BoundMethod.php(96): Illuminate\\Container\\Util::unwrapIfClosure()
#12 /var/www/html/vendor/laravel/framework/src/Illuminate/Container/BoundMethod.php(35): Illuminate\\Container\\BoundMethod::callBoundMethod()
#13 /var/www/html/vendor/laravel/framework/src/Illuminate/Container/Container.php(799): Illuminate\\Container\\BoundMethod::call()
#14 /var/www/html/vendor/laravel/framework/src/Illuminate/Console/Command.php(280): Illuminate\\Container\\Container->call()
#15 /var/www/html/vendor/symfony/console/Command/Command.php(291): Illuminate\\Console\\Command->execute()
#16 /var/www/html/vendor/laravel/framework/src/Illuminate/Console/Command.php(249): Symfony\\Component\\Console\\Command\\Command->run()
#17 /var/www/html/vendor/symfony/console/Application.php(1107): Illuminate\\Console\\Command->run()
#18 /var/www/html/vendor/symfony/console/Application.php(356): Symfony\\Component\\Console\\Application->doRunCommand()
#19 /var/www/html/vendor/symfony/console/Application.php(195): Symfony\\Component\\Console\\Application->doRun()
#20 /var/www/html/vendor/laravel/framework/src/Illuminate/Foundation/Console/Kernel.php(198): Symfony\\Component\\Console\\Application->run()
#21 /var/www/html/vendor/laravel/framework/src/Illuminate/Foundation/Application.php(1235): Illuminate\\Foundation\\Console\\Kernel->handle()
#22 /var/www/html/artisan(16): Illuminate\\Foundation\\Application->handleCommand()
#23 {main}
"} 
[2026-09-26 10:07:11] local.ERROR: Scheduled command ['/usr/bin/php8.5' 'artisan' domain:dispatch-outbox] failed with exit code [1]. {"exception":"[object] (Exception(code: 0): Scheduled command ['/usr/bin/php8.5' 'artisan' domain:dispatch-outbox] failed with exit code [1]. at /var/www/html/vendor/laravel/framework/src/Illuminate/Console/Scheduling/ScheduleRunCommand.php:215)
[stacktrace]
#0 /var/www/html/vendor/laravel/framework/src/Illuminate/Console/View/Components/Task.php(43): Illuminate\\Console\\Scheduling\\ScheduleRunCommand->{closure:Illuminate\\Console\\Scheduling\\ScheduleRunCommand::runEvent():199}()
#1 /var/www/html/vendor/laravel/framework/src/Illuminate/Console/View/Components/Factory.php(59): Illuminate\\Console\\View\\Components\\Task->render()
#2 /var/www/html/vendor/laravel/framework/src/Illuminate/Console/Scheduling/ScheduleRunCommand.php(199): Illuminate\\Console\\View\\Components\\Factory->__call()
#3 /var/www/html/vendor/laravel/framework/src/Illuminate/Console/Scheduling/ScheduleRunCommand.php(282): Illuminate\\Console\\Scheduling\\ScheduleRunCommand->runEvent()
#4 /var/www/html/vendor/laravel/framework/src/Illuminate/Console/Scheduling/ScheduleRunCommand.php(149): Illuminate\\Console\\Scheduling\\ScheduleRunCommand->repeatEvents()
#5 /var/www/html/vendor/laravel/framework/src/Illuminate/Container/BoundMethod.php(36): Illuminate\\Console\\Scheduling\\ScheduleRunCommand->handle()
#6 /var/www/html/vendor/laravel/framework/src/Illuminate/Container/Util.php(43): Illuminate\\Container\\BoundMethod::{closure:Illuminate\\Container\\BoundMethod::call():35}()
#7 /var/www/html/vendor/laravel/framework/src/Illuminate/Container/BoundMethod.php(96): Illuminate\\Container\\Util::unwrapIfClosure()
#8 /var/www/html/vendor/laravel/framework/src/Illuminate/Container/BoundMethod.php(35): Illuminate\\Container\\BoundMethod::callBoundMethod()
#9 /var/www/html/vendor/laravel/framework/src/Illuminate/Container/Container.php(799): Illuminate\\Container\\BoundMethod::call()
#10 /var/www/html/vendor/laravel/framework/src/Illuminate/Console/Command.php(280): Illuminate\\Container\\Container->call()
#11 /var/www/html/vendor/symfony/console/Command/Command.php(291): Illuminate\\Console\\Command->execute()
#12 /var/www/html/vendor/laravel/framework/src/Illuminate/Console/Command.php(249): Symfony\\Component\\Console\\Command\\Command->run()
#13 /var/www/html/vendor/symfony/console/Application.php(1107): Illuminate\\Console\\Command->run()
#14 /var/www/html/vendor/symfony/console/Application.php(356): Symfony\\Component\\Console\\Application->doRunCommand()
#15 /var/www/html/vendor/symfony/console/Application.php(195): Symfony\\Component\\Console\\Application->doRun()
#16 /var/www/html/vendor/laravel/framework/src/Illuminate/Foundation/Console/Kernel.php(198): Symfony\\Component\\Console\\Application->run()
#17 /var/www/html/vendor/laravel/framework/src/Illuminate/Foundation/Application.php(1235): Illuminate\\Foundation\\Console\\Kernel->handle()
#18 /var/www/html/artisan(16): Illuminate\\Foundation\\Application->handleCommand()
#19 {main}
"} 
[2026-09-26 10:07:12] local.ERROR: SQLSTATE[42S02]: Base table or view not found: 1146 Table 'pos_event_driven.domain_outbox' doesn't exist (Connection: mysql, Host: mysql, Port: 3306, Database: pos_event_driven, SQL: select * from `domain_outbox` where `processed_at` is null and (`dispatched_at` is null or `dispatched_at` < 2026-09-26 10:06:12) order by `sequence` asc limit 100) {"exception":"[object] (Illuminate\\Database\\QueryException(code: 42S02): SQLSTATE[42S02]: Base table or view not found: 1146 Table 'pos_event_driven.domain_outbox' doesn't exist (Connection: mysql, Host: mysql, Port: 3306, Database: pos_event_driven, SQL: select * from `domain_outbox` where `processed_at` is null and (`dispatched_at` is null or `dispatched_at` < 2026-09-26 10:06:12) order by `sequence` asc limit 100) at /var/www/html/vendor/laravel/framework/src/Illuminate/Database/Connection.php:841)
[stacktrace]
#0 /var/www/html/vendor/laravel/framework/src/Illuminate/Database/Connection.php(797): Illuminate\\Database\\Connection->runQueryCallback()
#1 /var/www/html/vendor/laravel/framework/src/Illuminate/Database/Connection.php(412): Illuminate\\Database\\Connection->run()
#2 /var/www/html/vendor/laravel/framework/src/Illuminate/Database/Query/Builder.php(3562): Illuminate\\Database\\Connection->select()
#3 /var/www/html/vendor/laravel/framework/src/Illuminate/Database/Query/Builder.php(3546): Illuminate\\Database\\Query\\Builder->runSelect()
#4 /var/www/html/app/Console/Commands/DispatchDomainOutbox.php(26): Illuminate\\Database\\Query\\Builder->get()
#5 /var/www/html/vendor/laravel/framework/src/Illuminate/Cache/Lock.php(131): App\\Console\\Commands\\DispatchDomainOutbox->{closure:App\\Console\\Commands\\DispatchDomainOutbox::handle():18}()
#6 /var/www/html/app/Console/Commands/DispatchDomainOutbox.php(18): Illuminate\\Cache\\Lock->block()
#7 /var/www/html/vendor/laravel/framework/src/Illuminate/Container/BoundMethod.php(36): App\\Console\\Commands\\DispatchDomainOutbox->handle()
#8 /var/www/html/vendor/laravel/framework/src/Illuminate/Container/Util.php(43): Illuminate\\Container\\BoundMethod::{closure:Illuminate\\Container\\BoundMethod::call():35}()
#9 /var/www/html/vendor/laravel/framework/src/Illuminate/Container/BoundMethod.php(96): Illuminate\\Container\\Util::unwrapIfClosure()
#10 /var/www/html/vendor/laravel/framework/src/Illuminate/Container/BoundMethod.php(35): Illuminate\\Container\\BoundMethod::callBoundMethod()
#11 /var/www/html/vendor/laravel/framework/src/Illuminate/Container/Container.php(799): Illuminate\\Container\\BoundMethod::call()
#12 /var/www/html/vendor/laravel/framework/src/Illuminate/Console/Command.php(280): Illuminate\\Container\\Container->call()
#13 /var/www/html/vendor/symfony/console/Command/Command.php(291): Illuminate\\Console\\Command->execute()
#14 /var/www/html/vendor/laravel/framework/src/Illuminate/Console/Command.php(249): Symfony\\Component\\Console\\Command\\Command->run()
#15 /var/www/html/vendor/symfony/console/Application.php(1107): Illuminate\\Console\\Command->run()
#16 /var/www/html/vendor/symfony/console/Application.php(356): Symfony\\Component\\Console\\Application->doRunCommand()
#17 /var/www/html/vendor/symfony/console/Application.php(195): Symfony\\Component\\Console\\Application->doRun()
#18 /var/www/html/vendor/laravel/framework/src/Illuminate/Foundation/Console/Kernel.php(198): Symfony\\Component\\Console\\Application->run()
#19 /var/www/html/vendor/laravel/framework/src/Illuminate/Foundation/Application.php(1235): Illuminate\\Foundation\\Console\\Kernel->handle()
#20 /var/www/html/artisan(16): Illuminate\\Foundation\\Application->handleCommand()
#21 {main}

[previous exception] [object] (PDOException(code: 42S02): SQLSTATE[42S02]: Base table or view not found: 1146 Table 'pos_event_driven.domain_outbox' doesn't exist at /var/www/html/vendor/laravel/framework/src/Illuminate/Database/Connection.php:421)
[stacktrace]
#0 /var/www/html/vendor/laravel/framework/src/Illuminate/Database/Connection.php(421): PDO->prepare()
#1 /var/www/html/vendor/laravel/framework/src/Illuminate/Database/Connection.php(830): Illuminate\\Database\\Connection->{closure:Illuminate\\Database\\Connection::select():412}()
#2 /var/www/html/vendor/laravel/framework/src/Illuminate/Database/Connection.php(797): Illuminate\\Database\\Connection->runQueryCallback()
#3 /var/www/html/vendor/laravel/framework/src/Illuminate/Database/Connection.php(412): Illuminate\\Database\\Connection->run()
#4 /var/www/html/vendor/laravel/framework/src/Illuminate/Database/Query/Builder.php(3562): Illuminate\\Database\\Connection->select()
#5 /var/www/html/vendor/laravel/framework/src/Illuminate/Database/Query/Builder.php(3546): Illuminate\\Database\\Query\\Builder->runSelect()
#6 /var/www/html/app/Console/Commands/DispatchDomainOutbox.php(26): Illuminate\\Database\\Query\\Builder->get()
#7 /var/www/html/vendor/laravel/framework/src/Illuminate/Cache/Lock.php(131): App\\Console\\Commands\\DispatchDomainOutbox->{closure:App\\Console\\Commands\\DispatchDomainOutbox::handle():18}()
#8 /var/www/html/app/Console/Commands/DispatchDomainOutbox.php(18): Illuminate\\Cache\\Lock->block()
#9 /var/www/html/vendor/laravel/framework/src/Illuminate/Container/BoundMethod.php(36): App\\Console\\Commands\\DispatchDomainOutbox->handle()
#10 /var/www/html/vendor/laravel/framework/src/Illuminate/Container/Util.php(43): Illuminate\\Container\\BoundMethod::{closure:Illuminate\\Container\\BoundMethod::call():35}()
#11 /var/www/html/vendor/laravel/framework/src/Illuminate/Container/BoundMethod.php(96): Illuminate\\Container\\Util::unwrapIfClosure()
#12 /var/www/html/vendor/laravel/framework/src/Illuminate/Container/BoundMethod.php(35): Illuminate\\Container\\BoundMethod::callBoundMethod()
#13 /var/www/html/vendor/laravel/framework/src/Illuminate/Container/Container.php(799): Illuminate\\Container\\BoundMethod::call()
#14 /var/www/html/vendor/laravel/framework/src/Illuminate/Console/Command.php(280): Illuminate\\Container\\Container->call()
#15 /var/www/html/vendor/symfony/console/Command/Command.php(291): Illuminate\\Console\\Command->execute()
#16 /var/www/html/vendor/laravel/framework/src/Illuminate/Console/Command.php(249): Symfony\\Component\\Console\\Command\\Command->run()
#17 /var/www/html/vendor/symfony/console/Application.php(1107): Illuminate\\Console\\Command->run()
#18 /var/www/html/vendor/symfony/console/Application.php(356): Symfony\\Component\\Console\\Application->doRunCommand()
#19 /var/www/html/vendor/symfony/console/Application.php(195): Symfony\\Component\\Console\\Application->doRun()
#20 /var/www/html/vendor/laravel/framework/src/Illuminate/Foundation/Console/Kernel.php(198): Symfony\\Component\\Console\\Application->run()
#21 /var/www/html/vendor/laravel/framework/src/Illuminate/Foundation/Application.php(1235): Illuminate\\Foundation\\Console\\Kernel->handle()
#22 /var/www/html/artisan(16): Illuminate\\Foundation\\Application->handleCommand()
#23 {main}
"} 
[2026-09-26 10:07:12] local.ERROR: Scheduled command ['/usr/bin/php8.5' 'artisan' domain:dispatch-outbox] failed with exit code [1]. {"exception":"[object] (Exception(code: 0): Scheduled command ['/usr/bin/php8.5' 'artisan' domain:dispatch-outbox] failed with exit code [1]. at /var/www/html/vendor/laravel/framework/src/Illuminate/Console/Scheduling/ScheduleRunCommand.php:215)
[stacktrace]
#0 /var/www/html/vendor/laravel/framework/src/Illuminate/Console/View/Components/Task.php(43): Illuminate\\Console\\Scheduling\\ScheduleRunCommand->{closure:Illuminate\\Console\\Scheduling\\ScheduleRunCommand::runEvent():199}()
#1 /var/www/html/vendor/laravel/framework/src/Illuminate/Console/View/Components/Factory.php(59): Illuminate\\Console\\View\\Components\\Task->render()
#2 /var/www/html/vendor/laravel/framework/src/Illuminate/Console/Scheduling/ScheduleRunCommand.php(199): Illuminate\\Console\\View\\Components\\Factory->__call()
#3 /var/www/html/vendor/laravel/framework/src/Illuminate/Console/Scheduling/ScheduleRunCommand.php(282): Illuminate\\Console\\Scheduling\\ScheduleRunCommand->runEvent()
#4 /var/www/html/vendor/laravel/framework/src/Illuminate/Console/Scheduling/ScheduleRunCommand.php(149): Illuminate\\Console\\Scheduling\\ScheduleRunCommand->repeatEvents()
#5 /var/www/html/vendor/laravel/framework/src/Illuminate/Container/BoundMethod.php(36): Illuminate\\Console\\Scheduling\\ScheduleRunCommand->handle()
#6 /var/www/html/vendor/laravel/framework/src/Illuminate/Container/Util.php(43): Illuminate\\Container\\BoundMethod::{closure:Illuminate\\Container\\BoundMethod::call():35}()
#7 /var/www/html/vendor/laravel/framework/src/Illuminate/Container/BoundMethod.php(96): Illuminate\\Container\\Util::unwrapIfClosure()
#8 /var/www/html/vendor/laravel/framework/src/Illuminate/Container/BoundMethod.php(35): Illuminate\\Container\\BoundMethod::callBoundMethod()
#9 /var/www/html/vendor/laravel/framework/src/Illuminate/Container/Container.php(799): Illuminate\\Container\\BoundMethod::call()
#10 /var/www/html/vendor/laravel/framework/src/Illuminate/Console/Command.php(280): Illuminate\\Container\\Container->call()
#11 /var/www/html/vendor/symfony/console/Command/Command.php(291): Illuminate\\Console\\Command->execute()
#12 /var/www/html/vendor/laravel/framework/src/Illuminate/Console/Command.php(249): Symfony\\Component\\Console\\Command\\Command->run()
#13 /var/www/html/vendor/symfony/console/Application.php(1107): Illuminate\\Console\\Command->run()
#14 /var/www/html/vendor/symfony/console/Application.php(356): Symfony\\Component\\Console\\Application->doRunCommand()
#15 /var/www/html/vendor/symfony/console/Application.php(195): Symfony\\Component\\Console\\Application->doRun()
#16 /var/www/html/vendor/laravel/framework/src/Illuminate/Foundation/Console/Kernel.php(198): Symfony\\Component\\Console\\Application->run()
#17 /var/www/html/vendor/laravel/framework/src/Illuminate/Foundation/Application.php(1235): Illuminate\\Foundation\\Console\\Kernel->handle()
#18 /var/www/html/artisan(16): Illuminate\\Foundation\\Application->handleCommand()
#19 {main}
"} 
[2026-09-26 10:07:13] local.ERROR: SQLSTATE[42S02]: Base table or view not found: 1146 Table 'pos_event_driven.domain_outbox' doesn't exist (Connection: mysql, Host: mysql, Port: 3306, Database: pos_event_driven, SQL: select * from `domain_outbox` where `processed_at` is null and (`dispatched_at` is null or `dispatched_at` < 2026-09-26 10:06:13) order by `sequence` asc limit 100) {"exception":"[object] (Illuminate\\Database\\QueryException(code: 42S02): SQLSTATE[42S02]: Base table or view not found: 1146 Table 'pos_event_driven.domain_outbox' doesn't exist (Connection: mysql, Host: mysql, Port: 3306, Database: pos_event_driven, SQL: select * from `domain_outbox` where `processed_at` is null and (`dispatched_at` is null or `dispatched_at` < 2026-09-26 10:06:13) order by `sequence` asc limit 100) at /var/www/html/vendor/laravel/framework/src/Illuminate/Database/Connection.php:841)
[stacktrace]
#0 /var/www/html/vendor/laravel/framework/src/Illuminate/Database/Connection.php(797): Illuminate\\Database\\Connection->runQueryCallback()
#1 /var/www/html/vendor/laravel/framework/src/Illuminate/Database/Connection.php(412): Illuminate\\Database\\Connection->run()
#2 /var/www/html/vendor/laravel/framework/src/Illuminate/Database/Query/Builder.php(3562): Illuminate\\Database\\Connection->select()
#3 /var/www/html/vendor/laravel/framework/src/Illuminate/Database/Query/Builder.php(3546): Illuminate\\Database\\Query\\Builder->runSelect()
#4 /var/www/html/app/Console/Commands/DispatchDomainOutbox.php(26): Illuminate\\Database\\Query\\Builder->get()
#5 /var/www/html/vendor/laravel/framework/src/Illuminate/Cache/Lock.php(131): App\\Console\\Commands\\DispatchDomainOutbox->{closure:App\\Console\\Commands\\DispatchDomainOutbox::handle():18}()
#6 /var/www/html/app/Console/Commands/DispatchDomainOutbox.php(18): Illuminate\\Cache\\Lock->block()
#7 /var/www/html/vendor/laravel/framework/src/Illuminate/Container/BoundMethod.php(36): App\\Console\\Commands\\DispatchDomainOutbox->handle()
#8 /var/www/html/vendor/laravel/framework/src/Illuminate/Container/Util.php(43): Illuminate\\Container\\BoundMethod::{closure:Illuminate\\Container\\BoundMethod::call():35}()
#9 /var/www/html/vendor/laravel/framework/src/Illuminate/Container/BoundMethod.php(96): Illuminate\\Container\\Util::unwrapIfClosure()
#10 /var/www/html/vendor/laravel/framework/src/Illuminate/Container/BoundMethod.php(35): Illuminate\\Container\\BoundMethod::callBoundMethod()
#11 /var/www/html/vendor/laravel/framework/src/Illuminate/Container/Container.php(799): Illuminate\\Container\\BoundMethod::call()
#12 /var/www/html/vendor/laravel/framework/src/Illuminate/Console/Command.php(280): Illuminate\\Container\\Container->call()
#13 /var/www/html/vendor/symfony/console/Command/Command.php(291): Illuminate\\Console\\Command->execute()
#14 /var/www/html/vendor/laravel/framework/src/Illuminate/Console/Command.php(249): Symfony\\Component\\Console\\Command\\Command->run()
#15 /var/www/html/vendor/symfony/console/Application.php(1107): Illuminate\\Console\\Command->run()
#16 /var/www/html/vendor/symfony/console/Application.php(356): Symfony\\Component\\Console\\Application->doRunCommand()
#17 /var/www/html/vendor/symfony/console/Application.php(195): Symfony\\Component\\Console\\Application->doRun()
#18 /var/www/html/vendor/laravel/framework/src/Illuminate/Foundation/Console/Kernel.php(198): Symfony\\Component\\Console\\Application->run()
#19 /var/www/html/vendor/laravel/framework/src/Illuminate/Foundation/Application.php(1235): Illuminate\\Foundation\\Console\\Kernel->handle()
#20 /var/www/html/artisan(16): Illuminate\\Foundation\\Application->handleCommand()
#21 {main}

[previous exception] [object] (PDOException(code: 42S02): SQLSTATE[42S02]: Base table or view not found: 1146 Table 'pos_event_driven.domain_outbox' doesn't exist at /var/www/html/vendor/laravel/framework/src/Illuminate/Database/Connection.php:421)
[stacktrace]
#0 /var/www/html/vendor/laravel/framework/src/Illuminate/Database/Connection.php(421): PDO->prepare()
#1 /var/www/html/vendor/laravel/framework/src/Illuminate/Database/Connection.php(830): Illuminate\\Database\\Connection->{closure:Illuminate\\Database\\Connection::select():412}()
#2 /var/www/html/vendor/laravel/framework/src/Illuminate/Database/Connection.php(797): Illuminate\\Database\\Connection->runQueryCallback()
#3 /var/www/html/vendor/laravel/framework/src/Illuminate/Database/Connection.php(412): Illuminate\\Database\\Connection->run()
#4 /var/www/html/vendor/laravel/framework/src/Illuminate/Database/Query/Builder.php(3562): Illuminate\\Database\\Connection->select()
#5 /var/www/html/vendor/laravel/framework/src/Illuminate/Database/Query/Builder.php(3546): Illuminate\\Database\\Query\\Builder->runSelect()
#6 /var/www/html/app/Console/Commands/DispatchDomainOutbox.php(26): Illuminate\\Database\\Query\\Builder->get()
#7 /var/www/html/vendor/laravel/framework/src/Illuminate/Cache/Lock.php(131): App\\Console\\Commands\\DispatchDomainOutbox->{closure:App\\Console\\Commands\\DispatchDomainOutbox::handle():18}()
#8 /var/www/html/app/Console/Commands/DispatchDomainOutbox.php(18): Illuminate\\Cache\\Lock->block()
#9 /var/www/html/vendor/laravel/framework/src/Illuminate/Container/BoundMethod.php(36): App\\Console\\Commands\\DispatchDomainOutbox->handle()
#10 /var/www/html/vendor/laravel/framework/src/Illuminate/Container/Util.php(43): Illuminate\\Container\\BoundMethod::{closure:Illuminate\\Container\\BoundMethod::call():35}()
#11 /var/www/html/vendor/laravel/framework/src/Illuminate/Container/BoundMethod.php(96): Illuminate\\Container\\Util::unwrapIfClosure()
#12 /var/www/html/vendor/laravel/framework/src/Illuminate/Container/BoundMethod.php(35): Illuminate\\Container\\BoundMethod::callBoundMethod()
#13 /var/www/html/vendor/laravel/framework/src/Illuminate/Container/Container.php(799): Illuminate\\Container\\BoundMethod::call()
#14 /var/www/html/vendor/laravel/framework/src/Illuminate/Console/Command.php(280): Illuminate\\Container\\Container->call()
#15 /var/www/html/vendor/symfony/console/Command/Command.php(291): Illuminate\\Console\\Command->execute()
#16 /var/www/html/vendor/laravel/framework/src/Illuminate/Console/Command.php(249): Symfony\\Component\\Console\\Command\\Command->run()
#17 /var/www/html/vendor/symfony/console/Application.php(1107): Illuminate\\Console\\Command->run()
#18 /var/www/html/vendor/symfony/console/Application.php(356): Symfony\\Component\\Console\\Application->doRunCommand()
#19 /var/www/html/vendor/symfony/console/Application.php(195): Symfony\\Component\\Console\\Application->doRun()
#20 /var/www/html/vendor/laravel/framework/src/Illuminate/Foundation/Console/Kernel.php(198): Symfony\\Component\\Console\\Application->run()
#21 /var/www/html/vendor/laravel/framework/src/Illuminate/Foundation/Application.php(1235): Illuminate\\Foundation\\Console\\Kernel->handle()
#22 /var/www/html/artisan(16): Illuminate\\Foundation\\Application->handleCommand()
#23 {main}
"} 
[2026-09-26 10:07:13] local.ERROR: Scheduled command ['/usr/bin/php8.5' 'artisan' domain:dispatch-outbox] failed with exit code [1]. {"exception":"[object] (Exception(code: 0): Scheduled command ['/usr/bin/php8.5' 'artisan' domain:dispatch-outbox] failed with exit code [1]. at /var/www/html/vendor/laravel/framework/src/Illuminate/Console/Scheduling/ScheduleRunCommand.php:215)
[stacktrace]
#0 /var/www/html/vendor/laravel/framework/src/Illuminate/Console/View/Components/Task.php(43): Illuminate\\Console\\Scheduling\\ScheduleRunCommand->{closure:Illuminate\\Console\\Scheduling\\ScheduleRunCommand::runEvent():199}()
#1 /var/www/html/vendor/laravel/framework/src/Illuminate/Console/View/Components/Factory.php(59): Illuminate\\Console\\View\\Components\\Task->render()
#2 /var/www/html/vendor/laravel/framework/src/Illuminate/Console/Scheduling/ScheduleRunCommand.php(199): Illuminate\\Console\\View\\Components\\Factory->__call()
#3 /var/www/html/vendor/laravel/framework/src/Illuminate/Console/Scheduling/ScheduleRunCommand.php(282): Illuminate\\Console\\Scheduling\\ScheduleRunCommand->runEvent()
#4 /var/www/html/vendor/laravel/framework/src/Illuminate/Console/Scheduling/ScheduleRunCommand.php(149): Illuminate\\Console\\Scheduling\\ScheduleRunCommand->repeatEvents()
#5 /var/www/html/vendor/laravel/framework/src/Illuminate/Container/BoundMethod.php(36): Illuminate\\Console\\Scheduling\\ScheduleRunCommand->handle()
#6 /var/www/html/vendor/laravel/framework/src/Illuminate/Container/Util.php(43): Illuminate\\Container\\BoundMethod::{closure:Illuminate\\Container\\BoundMethod::call():35}()
#7 /var/www/html/vendor/laravel/framework/src/Illuminate/Container/BoundMethod.php(96): Illuminate\\Container\\Util::unwrapIfClosure()
#8 /var/www/html/vendor/laravel/framework/src/Illuminate/Container/BoundMethod.php(35): Illuminate\\Container\\BoundMethod::callBoundMethod()
#9 /var/www/html/vendor/laravel/framework/src/Illuminate/Container/Container.php(799): Illuminate\\Container\\BoundMethod::call()
#10 /var/www/html/vendor/laravel/framework/src/Illuminate/Console/Command.php(280): Illuminate\\Container\\Container->call()
#11 /var/www/html/vendor/symfony/console/Command/Command.php(291): Illuminate\\Console\\Command->execute()
#12 /var/www/html/vendor/laravel/framework/src/Illuminate/Console/Command.php(249): Symfony\\Component\\Console\\Command\\Command->run()
#13 /var/www/html/vendor/symfony/console/Application.php(1107): Illuminate\\Console\\Command->run()
#14 /var/www/html/vendor/symfony/console/Application.php(356): Symfony\\Component\\Console\\Application->doRunCommand()
#15 /var/www/html/vendor/symfony/console/Application.php(195): Symfony\\Component\\Console\\Application->doRun()
#16 /var/www/html/vendor/laravel/framework/src/Illuminate/Foundation/Console/Kernel.php(198): Symfony\\Component\\Console\\Application->run()
#17 /var/www/html/vendor/laravel/framework/src/Illuminate/Foundation/Application.php(1235): Illuminate\\Foundation\\Console\\Kernel->handle()
#18 /var/www/html/artisan(16): Illuminate\\Foundation\\Application->handleCommand()
#19 {main}
"} 
[2026-09-26 10:07:14] local.ERROR: SQLSTATE[42S02]: Base table or view not found: 1146 Table 'pos_event_driven.domain_outbox' doesn't exist (Connection: mysql, Host: mysql, Port: 3306, Database: pos_event_driven, SQL: select * from `domain_outbox` where `processed_at` is null and (`dispatched_at` is null or `dispatched_at` < 2026-09-26 10:06:14) order by `sequence` asc limit 100) {"exception":"[object] (Illuminate\\Database\\QueryException(code: 42S02): SQLSTATE[42S02]: Base table or view not found: 1146 Table 'pos_event_driven.domain_outbox' doesn't exist (Connection: mysql, Host: mysql, Port: 3306, Database: pos_event_driven, SQL: select * from `domain_outbox` where `processed_at` is null and (`dispatched_at` is null or `dispatched_at` < 2026-09-26 10:06:14) order by `sequence` asc limit 100) at /var/www/html/vendor/laravel/framework/src/Illuminate/Database/Connection.php:841)
[stacktrace]
#0 /var/www/html/vendor/laravel/framework/src/Illuminate/Database/Connection.php(797): Illuminate\\Database\\Connection->runQueryCallback()
#1 /var/www/html/vendor/laravel/framework/src/Illuminate/Database/Connection.php(412): Illuminate\\Database\\Connection->run()
#2 /var/www/html/vendor/laravel/framework/src/Illuminate/Database/Query/Builder.php(3562): Illuminate\\Database\\Connection->select()
#3 /var/www/html/vendor/laravel/framework/src/Illuminate/Database/Query/Builder.php(3546): Illuminate\\Database\\Query\\Builder->runSelect()
#4 /var/www/html/app/Console/Commands/DispatchDomainOutbox.php(26): Illuminate\\Database\\Query\\Builder->get()
#5 /var/www/html/vendor/laravel/framework/src/Illuminate/Cache/Lock.php(131): App\\Console\\Commands\\DispatchDomainOutbox->{closure:App\\Console\\Commands\\DispatchDomainOutbox::handle():18}()
#6 /var/www/html/app/Console/Commands/DispatchDomainOutbox.php(18): Illuminate\\Cache\\Lock->block()
#7 /var/www/html/vendor/laravel/framework/src/Illuminate/Container/BoundMethod.php(36): App\\Console\\Commands\\DispatchDomainOutbox->handle()
#8 /var/www/html/vendor/laravel/framework/src/Illuminate/Container/Util.php(43): Illuminate\\Container\\BoundMethod::{closure:Illuminate\\Container\\BoundMethod::call():35}()
#9 /var/www/html/vendor/laravel/framework/src/Illuminate/Container/BoundMethod.php(96): Illuminate\\Container\\Util::unwrapIfClosure()
#10 /var/www/html/vendor/laravel/framework/src/Illuminate/Container/BoundMethod.php(35): Illuminate\\Container\\BoundMethod::callBoundMethod()
#11 /var/www/html/vendor/laravel/framework/src/Illuminate/Container/Container.php(799): Illuminate\\Container\\BoundMethod::call()
#12 /var/www/html/vendor/laravel/framework/src/Illuminate/Console/Command.php(280): Illuminate\\Container\\Container->call()
#13 /var/www/html/vendor/symfony/console/Command/Command.php(291): Illuminate\\Console\\Command->execute()
#14 /var/www/html/vendor/laravel/framework/src/Illuminate/Console/Command.php(249): Symfony\\Component\\Console\\Command\\Command->run()
#15 /var/www/html/vendor/symfony/console/Application.php(1107): Illuminate\\Console\\Command->run()
#16 /var/www/html/vendor/symfony/console/Application.php(356): Symfony\\Component\\Console\\Application->doRunCommand()
#17 /var/www/html/vendor/symfony/console/Application.php(195): Symfony\\Component\\Console\\Application->doRun()
#18 /var/www/html/vendor/laravel/framework/src/Illuminate/Foundation/Console/Kernel.php(198): Symfony\\Component\\Console\\Application->run()
#19 /var/www/html/vendor/laravel/framework/src/Illuminate/Foundation/Application.php(1235): Illuminate\\Foundation\\Console\\Kernel->handle()
#20 /var/www/html/artisan(16): Illuminate\\Foundation\\Application->handleCommand()
#21 {main}

[previous exception] [object] (PDOException(code: 42S02): SQLSTATE[42S02]: Base table or view not found: 1146 Table 'pos_event_driven.domain_outbox' doesn't exist at /var/www/html/vendor/laravel/framework/src/Illuminate/Database/Connection.php:421)
[stacktrace]
#0 /var/www/html/vendor/laravel/framework/src/Illuminate/Database/Connection.php(421): PDO->prepare()
#1 /var/www/html/vendor/laravel/framework/src/Illuminate/Database/Connection.php(830): Illuminate\\Database\\Connection->{closure:Illuminate\\Database\\Connection::select():412}()
#2 /var/www/html/vendor/laravel/framework/src/Illuminate/Database/Connection.php(797): Illuminate\\Database\\Connection->runQueryCallback()
#3 /var/www/html/vendor/laravel/framework/src/Illuminate/Database/Connection.php(412): Illuminate\\Database\\Connection->run()
#4 /var/www/html/vendor/laravel/framework/src/Illuminate/Database/Query/Builder.php(3562): Illuminate\\Database\\Connection->select()
#5 /var/www/html/vendor/laravel/framework/src/Illuminate/Database/Query/Builder.php(3546): Illuminate\\Database\\Query\\Builder->runSelect()
#6 /var/www/html/app/Console/Commands/DispatchDomainOutbox.php(26): Illuminate\\Database\\Query\\Builder->get()
#7 /var/www/html/vendor/laravel/framework/src/Illuminate/Cache/Lock.php(131): App\\Console\\Commands\\DispatchDomainOutbox->{closure:App\\Console\\Commands\\DispatchDomainOutbox::handle():18}()
#8 /var/www/html/app/Console/Commands/DispatchDomainOutbox.php(18): Illuminate\\Cache\\Lock->block()
#9 /var/www/html/vendor/laravel/framework/src/Illuminate/Container/BoundMethod.php(36): App\\Console\\Commands\\DispatchDomainOutbox->handle()
#10 /var/www/html/vendor/laravel/framework/src/Illuminate/Container/Util.php(43): Illuminate\\Container\\BoundMethod::{closure:Illuminate\\Container\\BoundMethod::call():35}()
#11 /var/www/html/vendor/laravel/framework/src/Illuminate/Container/BoundMethod.php(96): Illuminate\\Container\\Util::unwrapIfClosure()
#12 /var/www/html/vendor/laravel/framework/src/Illuminate/Container/BoundMethod.php(35): Illuminate\\Container\\BoundMethod::callBoundMethod()
#13 /var/www/html/vendor/laravel/framework/src/Illuminate/Container/Container.php(799): Illuminate\\Container\\BoundMethod::call()
#14 /var/www/html/vendor/laravel/framework/src/Illuminate/Console/Command.php(280): Illuminate\\Container\\Container->call()
#15 /var/www/html/vendor/symfony/console/Command/Command.php(291): Illuminate\\Console\\Command->execute()
#16 /var/www/html/vendor/laravel/framework/src/Illuminate/Console/Command.php(249): Symfony\\Component\\Console\\Command\\Command->run()
#17 /var/www/html/vendor/symfony/console/Application.php(1107): Illuminate\\Console\\Command->run()
#18 /var/www/html/vendor/symfony/console/Application.php(356): Symfony\\Component\\Console\\Application->doRunCommand()
#19 /var/www/html/vendor/symfony/console/Application.php(195): Symfony\\Component\\Console\\Application->doRun()
#20 /var/www/html/vendor/laravel/framework/src/Illuminate/Foundation/Console/Kernel.php(198): Symfony\\Component\\Console\\Application->run()
#21 /var/www/html/vendor/laravel/framework/src/Illuminate/Foundation/Application.php(1235): Illuminate\\Foundation\\Console\\Kernel->handle()
#22 /var/www/html/artisan(16): Illuminate\\Foundation\\Application->handleCommand()
#23 {main}
"} 
[2026-09-26 10:07:14] local.ERROR: Scheduled command ['/usr/bin/php8.5' 'artisan' domain:dispatch-outbox] failed with exit code [1]. {"exception":"[object] (Exception(code: 0): Scheduled command ['/usr/bin/php8.5' 'artisan' domain:dispatch-outbox] failed with exit code [1]. at /var/www/html/vendor/laravel/framework/src/Illuminate/Console/Scheduling/ScheduleRunCommand.php:215)
[stacktrace]
#0 /var/www/html/vendor/laravel/framework/src/Illuminate/Console/View/Components/Task.php(43): Illuminate\\Console\\Scheduling\\ScheduleRunCommand->{closure:Illuminate\\Console\\Scheduling\\ScheduleRunCommand::runEvent():199}()
#1 /var/www/html/vendor/laravel/framework/src/Illuminate/Console/View/Components/Factory.php(59): Illuminate\\Console\\View\\Components\\Task->render()
#2 /var/www/html/vendor/laravel/framework/src/Illuminate/Console/Scheduling/ScheduleRunCommand.php(199): Illuminate\\Console\\View\\Components\\Factory->__call()
#3 /var/www/html/vendor/laravel/framework/src/Illuminate/Console/Scheduling/ScheduleRunCommand.php(282): Illuminate\\Console\\Scheduling\\ScheduleRunCommand->runEvent()
#4 /var/www/html/vendor/laravel/framework/src/Illuminate/Console/Scheduling/ScheduleRunCommand.php(149): Illuminate\\Console\\Scheduling\\ScheduleRunCommand->repeatEvents()
#5 /var/www/html/vendor/laravel/framework/src/Illuminate/Container/BoundMethod.php(36): Illuminate\\Console\\Scheduling\\ScheduleRunCommand->handle()
#6 /var/www/html/vendor/laravel/framework/src/Illuminate/Container/Util.php(43): Illuminate\\Container\\BoundMethod::{closure:Illuminate\\Container\\BoundMethod::call():35}()
#7 /var/www/html/vendor/laravel/framework/src/Illuminate/Container/BoundMethod.php(96): Illuminate\\Container\\Util::unwrapIfClosure()
#8 /var/www/html/vendor/laravel/framework/src/Illuminate/Container/BoundMethod.php(35): Illuminate\\Container\\BoundMethod::callBoundMethod()
#9 /var/www/html/vendor/laravel/framework/src/Illuminate/Container/Container.php(799): Illuminate\\Container\\BoundMethod::call()
#10 /var/www/html/vendor/laravel/framework/src/Illuminate/Console/Command.php(280): Illuminate\\Container\\Container->call()
#11 /var/www/html/vendor/symfony/console/Command/Command.php(291): Illuminate\\Console\\Command->execute()
#12 /var/www/html/vendor/laravel/framework/src/Illuminate/Console/Command.php(249): Symfony\\Component\\Console\\Command\\Command->run()
#13 /var/www/html/vendor/symfony/console/Application.php(1107): Illuminate\\Console\\Command->run()
#14 /var/www/html/vendor/symfony/console/Application.php(356): Symfony\\Component\\Console\\Application->doRunCommand()
#15 /var/www/html/vendor/symfony/console/Application.php(195): Symfony\\Component\\Console\\Application->doRun()
#16 /var/www/html/vendor/laravel/framework/src/Illuminate/Foundation/Console/Kernel.php(198): Symfony\\Component\\Console\\Application->run()
#17 /var/www/html/vendor/laravel/framework/src/Illuminate/Foundation/Application.php(1235): Illuminate\\Foundation\\Console\\Kernel->handle()
#18 /var/www/html/artisan(16): Illuminate\\Foundation\\Application->handleCommand()
#19 {main}
"} 
[2026-09-26 10:08:08] local.ERROR: SQLSTATE[42S02]: Base table or view not found: 1146 Table 'pos_event_driven.domain_outbox' doesn't exist (Connection: mysql, Host: mysql, Port: 3306, Database: pos_event_driven, SQL: select * from `domain_outbox` where `processed_at` is null and (`dispatched_at` is null or `dispatched_at` < 2026-09-26 10:07:08) order by `sequence` asc limit 100) {"exception":"[object] (Illuminate\\Database\\QueryException(code: 42S02): SQLSTATE[42S02]: Base table or view not found: 1146 Table 'pos_event_driven.domain_outbox' doesn't exist (Connection: mysql, Host: mysql, Port: 3306, Database: pos_event_driven, SQL: select * from `domain_outbox` where `processed_at` is null and (`dispatched_at` is null or `dispatched_at` < 2026-09-26 10:07:08) order by `sequence` asc limit 100) at /var/www/html/vendor/laravel/framework/src/Illuminate/Database/Connection.php:841)
[stacktrace]
#0 /var/www/html/vendor/laravel/framework/src/Illuminate/Database/Connection.php(797): Illuminate\\Database\\Connection->runQueryCallback()
#1 /var/www/html/vendor/laravel/framework/src/Illuminate/Database/Connection.php(412): Illuminate\\Database\\Connection->run()
#2 /var/www/html/vendor/laravel/framework/src/Illuminate/Database/Query/Builder.php(3562): Illuminate\\Database\\Connection->select()
#3 /var/www/html/vendor/laravel/framework/src/Illuminate/Database/Query/Builder.php(3546): Illuminate\\Database\\Query\\Builder->runSelect()
#4 /var/www/html/app/Console/Commands/DispatchDomainOutbox.php(26): Illuminate\\Database\\Query\\Builder->get()
#5 /var/www/html/vendor/laravel/framework/src/Illuminate/Cache/Lock.php(131): App\\Console\\Commands\\DispatchDomainOutbox->{closure:App\\Console\\Commands\\DispatchDomainOutbox::handle():18}()
#6 /var/www/html/app/Console/Commands/DispatchDomainOutbox.php(18): Illuminate\\Cache\\Lock->block()
#7 /var/www/html/vendor/laravel/framework/src/Illuminate/Container/BoundMethod.php(36): App\\Console\\Commands\\DispatchDomainOutbox->handle()
#8 /var/www/html/vendor/laravel/framework/src/Illuminate/Container/Util.php(43): Illuminate\\Container\\BoundMethod::{closure:Illuminate\\Container\\BoundMethod::call():35}()
#9 /var/www/html/vendor/laravel/framework/src/Illuminate/Container/BoundMethod.php(96): Illuminate\\Container\\Util::unwrapIfClosure()
#10 /var/www/html/vendor/laravel/framework/src/Illuminate/Container/BoundMethod.php(35): Illuminate\\Container\\BoundMethod::callBoundMethod()
#11 /var/www/html/vendor/laravel/framework/src/Illuminate/Container/Container.php(799): Illuminate\\Container\\BoundMethod::call()
#12 /var/www/html/vendor/laravel/framework/src/Illuminate/Console/Command.php(280): Illuminate\\Container\\Container->call()
#13 /var/www/html/vendor/symfony/console/Command/Command.php(291): Illuminate\\Console\\Command->execute()
#14 /var/www/html/vendor/laravel/framework/src/Illuminate/Console/Command.php(249): Symfony\\Component\\Console\\Command\\Command->run()
#15 /var/www/html/vendor/symfony/console/Application.php(1107): Illuminate\\Console\\Command->run()
#16 /var/www/html/vendor/symfony/console/Application.php(356): Symfony\\Component\\Console\\Application->doRunCommand()
#17 /var/www/html/vendor/symfony/console/Application.php(195): Symfony\\Component\\Console\\Application->doRun()
#18 /var/www/html/vendor/laravel/framework/src/Illuminate/Foundation/Console/Kernel.php(198): Symfony\\Component\\Console\\Application->run()
#19 /var/www/html/vendor/laravel/framework/src/Illuminate/Foundation/Application.php(1235): Illuminate\\Foundation\\Console\\Kernel->handle()
#20 /var/www/html/artisan(16): Illuminate\\Foundation\\Application->handleCommand()
#21 {main}

[previous exception] [object] (PDOException(code: 42S02): SQLSTATE[42S02]: Base table or view not found: 1146 Table 'pos_event_driven.domain_outbox' doesn't exist at /var/www/html/vendor/laravel/framework/src/Illuminate/Database/Connection.php:421)
[stacktrace]
#0 /var/www/html/vendor/laravel/framework/src/Illuminate/Database/Connection.php(421): PDO->prepare()
#1 /var/www/html/vendor/laravel/framework/src/Illuminate/Database/Connection.php(830): Illuminate\\Database\\Connection->{closure:Illuminate\\Database\\Connection::select():412}()
#2 /var/www/html/vendor/laravel/framework/src/Illuminate/Database/Connection.php(797): Illuminate\\Database\\Connection->runQueryCallback()
#3 /var/www/html/vendor/laravel/framework/src/Illuminate/Database/Connection.php(412): Illuminate\\Database\\Connection->run()
#4 /var/www/html/vendor/laravel/framework/src/Illuminate/Database/Query/Builder.php(3562): Illuminate\\Database\\Connection->select()
#5 /var/www/html/vendor/laravel/framework/src/Illuminate/Database/Query/Builder.php(3546): Illuminate\\Database\\Query\\Builder->runSelect()
#6 /var/www/html/app/Console/Commands/DispatchDomainOutbox.php(26): Illuminate\\Database\\Query\\Builder->get()
#7 /var/www/html/vendor/laravel/framework/src/Illuminate/Cache/Lock.php(131): App\\Console\\Commands\\DispatchDomainOutbox->{closure:App\\Console\\Commands\\DispatchDomainOutbox::handle():18}()
#8 /var/www/html/app/Console/Commands/DispatchDomainOutbox.php(18): Illuminate\\Cache\\Lock->block()
#9 /var/www/html/vendor/laravel/framework/src/Illuminate/Container/BoundMethod.php(36): App\\Console\\Commands\\DispatchDomainOutbox->handle()
#10 /var/www/html/vendor/laravel/framework/src/Illuminate/Container/Util.php(43): Illuminate\\Container\\BoundMethod::{closure:Illuminate\\Container\\BoundMethod::call():35}()
#11 /var/www/html/vendor/laravel/framework/src/Illuminate/Container/BoundMethod.php(96): Illuminate\\Container\\Util::unwrapIfClosure()
#12 /var/www/html/vendor/laravel/framework/src/Illuminate/Container/BoundMethod.php(35): Illuminate\\Container\\BoundMethod::callBoundMethod()
#13 /var/www/html/vendor/laravel/framework/src/Illuminate/Container/Container.php(799): Illuminate\\Container\\BoundMethod::call()
#14 /var/www/html/vendor/laravel/framework/src/Illuminate/Console/Command.php(280): Illuminate\\Container\\Container->call()
#15 /var/www/html/vendor/symfony/console/Command/Command.php(291): Illuminate\\Console\\Command->execute()
#16 /var/www/html/vendor/laravel/framework/src/Illuminate/Console/Command.php(249): Symfony\\Component\\Console\\Command\\Command->run()
#17 /var/www/html/vendor/symfony/console/Application.php(1107): Illuminate\\Console\\Command->run()
#18 /var/www/html/vendor/symfony/console/Application.php(356): Symfony\\Component\\Console\\Application->doRunCommand()
#19 /var/www/html/vendor/symfony/console/Application.php(195): Symfony\\Component\\Console\\Application->doRun()
#20 /var/www/html/vendor/laravel/framework/src/Illuminate/Foundation/Console/Kernel.php(198): Symfony\\Component\\Console\\Application->run()
#21 /var/www/html/vendor/laravel/framework/src/Illuminate/Foundation/Application.php(1235): Illuminate\\Foundation\\Console\\Kernel->handle()
#22 /var/www/html/artisan(16): Illuminate\\Foundation\\Application->handleCommand()
#23 {main}
"} 
[2026-09-26 10:08:08] local.ERROR: Scheduled command ['/usr/bin/php8.5' 'artisan' domain:dispatch-outbox] failed with exit code [1]. {"exception":"[object] (Exception(code: 0): Scheduled command ['/usr/bin/php8.5' 'artisan' domain:dispatch-outbox] failed with exit code [1]. at /var/www/html/vendor/laravel/framework/src/Illuminate/Console/Scheduling/ScheduleRunCommand.php:215)
[stacktrace]
#0 /var/www/html/vendor/laravel/framework/src/Illuminate/Console/View/Components/Task.php(43): Illuminate\\Console\\Scheduling\\ScheduleRunCommand->{closure:Illuminate\\Console\\Scheduling\\ScheduleRunCommand::runEvent():199}()
#1 /var/www/html/vendor/laravel/framework/src/Illuminate/Console/View/Components/Factory.php(59): Illuminate\\Console\\View\\Components\\Task->render()
#2 /var/www/html/vendor/laravel/framework/src/Illuminate/Console/Scheduling/ScheduleRunCommand.php(199): Illuminate\\Console\\View\\Components\\Factory->__call()
#3 /var/www/html/vendor/laravel/framework/src/Illuminate/Console/Scheduling/ScheduleRunCommand.php(282): Illuminate\\Console\\Scheduling\\ScheduleRunCommand->runEvent()
#4 /var/www/html/vendor/laravel/framework/src/Illuminate/Console/Scheduling/ScheduleRunCommand.php(149): Illuminate\\Console\\Scheduling\\ScheduleRunCommand->repeatEvents()
#5 /var/www/html/vendor/laravel/framework/src/Illuminate/Container/BoundMethod.php(36): Illuminate\\Console\\Scheduling\\ScheduleRunCommand->handle()
#6 /var/www/html/vendor/laravel/framework/src/Illuminate/Container/Util.php(43): Illuminate\\Container\\BoundMethod::{closure:Illuminate\\Container\\BoundMethod::call():35}()
#7 /var/www/html/vendor/laravel/framework/src/Illuminate/Container/BoundMethod.php(96): Illuminate\\Container\\Util::unwrapIfClosure()
#8 /var/www/html/vendor/laravel/framework/src/Illuminate/Container/BoundMethod.php(35): Illuminate\\Container\\BoundMethod::callBoundMethod()
#9 /var/www/html/vendor/laravel/framework/src/Illuminate/Container/Container.php(799): Illuminate\\Container\\BoundMethod::call()
#10 /var/www/html/vendor/laravel/framework/src/Illuminate/Console/Command.php(280): Illuminate\\Container\\Container->call()
#11 /var/www/html/vendor/symfony/console/Command/Command.php(291): Illuminate\\Console\\Command->execute()
#12 /var/www/html/vendor/laravel/framework/src/Illuminate/Console/Command.php(249): Symfony\\Component\\Console\\Command\\Command->run()
#13 /var/www/html/vendor/symfony/console/Application.php(1107): Illuminate\\Console\\Command->run()
#14 /var/www/html/vendor/symfony/console/Application.php(356): Symfony\\Component\\Console\\Application->doRunCommand()
#15 /var/www/html/vendor/symfony/console/Application.php(195): Symfony\\Component\\Console\\Application->doRun()
#16 /var/www/html/vendor/laravel/framework/src/Illuminate/Foundation/Console/Kernel.php(198): Symfony\\Component\\Console\\Application->run()
#17 /var/www/html/vendor/laravel/framework/src/Illuminate/Foundation/Application.php(1235): Illuminate\\Foundation\\Console\\Kernel->handle()
#18 /var/www/html/artisan(16): Illuminate\\Foundation\\Application->handleCommand()
#19 {main}
"} 
[2026-09-26 10:16:02] testing.ERROR: Unable to locate file in Vite manifest: resources/js/customer-realtime.js. (View: /var/www/html/resources/views/layouts/app.blade.php) (View: /var/www/html/resources/views/layouts/app.blade.php) {"exception":"[object] (Illuminate\\View\\ViewException(code: 0): Unable to locate file in Vite manifest: resources/js/customer-realtime.js. (View: /var/www/html/resources/views/layouts/app.blade.php) (View: /var/www/html/resources/views/layouts/app.blade.php) at /var/www/html/vendor/laravel/framework/src/Illuminate/Foundation/Vite.php:999)
[stacktrace]
#0 /var/www/html/vendor/livewire/livewire/src/Mechanisms/ExtendBlade/ExtendedCompilerEngine.php(58): Illuminate\\View\\Engines\\CompilerEngine->handleViewException()
#1 /var/www/html/vendor/laravel/framework/src/Illuminate/View/Engines/PhpEngine.php(59): Livewire\\Mechanisms\\ExtendBlade\\ExtendedCompilerEngine->handleViewException()
#2 /var/www/html/vendor/livewire/livewire/src/Mechanisms/ExtendBlade/ExtendedCompilerEngine.php(22): Illuminate\\View\\Engines\\PhpEngine->evaluatePath()
#3 /var/www/html/vendor/laravel/framework/src/Illuminate/View/Engines/CompilerEngine.php(76): Livewire\\Mechanisms\\ExtendBlade\\ExtendedCompilerEngine->evaluatePath()
#4 /var/www/html/vendor/livewire/livewire/src/Mechanisms/ExtendBlade/ExtendedCompilerEngine.php(10): Illuminate\\View\\Engines\\CompilerEngine->get()
#5 /var/www/html/vendor/laravel/framework/src/Illuminate/View/View.php(208): Livewire\\Mechanisms\\ExtendBlade\\ExtendedCompilerEngine->get()
#6 /var/www/html/vendor/laravel/framework/src/Illuminate/View/View.php(191): Illuminate\\View\\View->getContents()
#7 /var/www/html/vendor/laravel/framework/src/Illuminate/View/View.php(160): Illuminate\\View\\View->renderContents()
#8 /var/www/html/vendor/laravel/framework/src/Illuminate/View/Compilers/BladeCompiler.php(353): Illuminate\\View\\View->render()
#9 /var/www/html/vendor/laravel/framework/src/Illuminate/Support/Facades/Facade.php(363): Illuminate\\View\\Compilers\\BladeCompiler::render()
#10 /var/www/html/vendor/livewire/livewire/src/Features/SupportPageComponents/SupportPageComponents.php(162): Illuminate\\Support\\Facades\\Facade::__callStatic()
#11 /var/www/html/vendor/livewire/livewire/src/Features/SupportPageComponents/HandlesPageComponents.php(26): Livewire\\Features\\SupportPageComponents\\SupportPageComponents::renderContentsIntoLayout()
#12 /var/www/html/vendor/laravel/framework/src/Illuminate/Container/BoundMethod.php(36): Livewire\\Component->__invoke()
#13 /var/www/html/vendor/laravel/framework/src/Illuminate/Container/Util.php(43): Illuminate\\Container\\BoundMethod::{closure:Illuminate\\Container\\BoundMethod::call():35}()
#14 /var/www/html/vendor/laravel/framework/src/Illuminate/Container/BoundMethod.php(96): Illuminate\\Container\\Util::unwrapIfClosure()
#15 /var/www/html/vendor/laravel/framework/src/Illuminate/Container/BoundMethod.php(35): Illuminate\\Container\\BoundMethod::callBoundMethod()
#16 /var/www/html/vendor/laravel/framework/src/Illuminate/Container/Container.php(799): Illuminate\\Container\\BoundMethod::call()
#17 /var/www/html/vendor/livewire/livewire/src/Mechanisms/HandleRouting/LivewirePageController.php(15): Illuminate\\Container\\Container->call()
#18 /var/www/html/vendor/laravel/framework/src/Illuminate/Routing/ControllerDispatcher.php(46): Livewire\\Mechanisms\\HandleRouting\\LivewirePageController->__invoke()
#19 /var/www/html/vendor/laravel/framework/src/Illuminate/Routing/Route.php(269): Illuminate\\Routing\\ControllerDispatcher->dispatch()
#20 /var/www/html/vendor/laravel/framework/src/Illuminate/Routing/Route.php(215): Illuminate\\Routing\\Route->runController()
#21 /var/www/html/vendor/laravel/framework/src/Illuminate/Routing/Router.php(822): Illuminate\\Routing\\Route->run()
#22 /var/www/html/vendor/laravel/framework/src/Illuminate/Pipeline/Pipeline.php(180): Illuminate\\Routing\\Router->{closure:Illuminate\\Routing\\Router::runRouteWithinStack():821}()
#23 /var/www/html/vendor/laravel/framework/src/Illuminate/Routing/Middleware/SubstituteBindings.php(52): Illuminate\\Pipeline\\Pipeline->{closure:Illuminate\\Pipeline\\Pipeline::prepareDestination():178}()
#24 /var/www/html/vendor/laravel/framework/src/Illuminate/Pipeline/Pipeline.php(219): Illuminate\\Routing\\Middleware\\SubstituteBindings->handle()
#25 /var/www/html/vendor/laravel/framework/src/Illuminate/Foundation/Http/Middleware/PreventRequestForgery.php(104): Illuminate\\Pipeline\\Pipeline->{closure:{closure:Illuminate\\Pipeline\\Pipeline::carry():194}:195}()
#26 /var/www/html/vendor/laravel/framework/src/Illuminate/Pipeline/Pipeline.php(219): Illuminate\\Foundation\\Http\\Middleware\\PreventRequestForgery->handle()
#27 /var/www/html/vendor/laravel/framework/src/Illuminate/View/Middleware/ShareErrorsFromSession.php(48): Illuminate\\Pipeline\\Pipeline->{closure:{closure:Illuminate\\Pipeline\\Pipeline::carry():194}:195}()
#28 /var/www/html/vendor/laravel/framework/src/Illuminate/Pipeline/Pipeline.php(219): Illuminate\\View\\Middleware\\ShareErrorsFromSession->handle()
#29 /var/www/html/vendor/laravel/framework/src/Illuminate/Session/Middleware/StartSession.php(120): Illuminate\\Pipeline\\Pipeline->{closure:{closure:Illuminate\\Pipeline\\Pipeline::carry():194}:195}()
#30 /var/www/html/vendor/laravel/framework/src/Illuminate/Session/Middleware/StartSession.php(63): Illuminate\\Session\\Middleware\\StartSession->handleStatefulRequest()
#31 /var/www/html/vendor/laravel/framework/src/Illuminate/Pipeline/Pipeline.php(219): Illuminate\\Session\\Middleware\\StartSession->handle()
#32 /var/www/html/vendor/laravel/framework/src/Illuminate/Cookie/Middleware/AddQueuedCookiesToResponse.php(36): Illuminate\\Pipeline\\Pipeline->{closure:{closure:Illuminate\\Pipeline\\Pipeline::carry():194}:195}()
#33 /var/www/html/vendor/laravel/framework/src/Illuminate/Pipeline/Pipeline.php(219): Illuminate\\Cookie\\Middleware\\AddQueuedCookiesToResponse->handle()
#34 /var/www/html/vendor/laravel/framework/src/Illuminate/Cookie/Middleware/EncryptCookies.php(74): Illuminate\\Pipeline\\Pipeline->{closure:{closure:Illuminate\\Pipeline\\Pipeline::carry():194}:195}()
#35 /var/www/html/vendor/laravel/framework/src/Illuminate/Pipeline/Pipeline.php(219): Illuminate\\Cookie\\Middleware\\EncryptCookies->handle()
#36 /var/www/html/vendor/laravel/framework/src/Illuminate/Pipeline/Pipeline.php(137): Illuminate\\Pipeline\\Pipeline->{closure:{closure:Illuminate\\Pipeline\\Pipeline::carry():194}:195}()
#37 /var/www/html/vendor/laravel/framework/src/Illuminate/Routing/Router.php(821): Illuminate\\Pipeline\\Pipeline->then()
#38 /var/www/html/vendor/laravel/framework/src/Illuminate/Routing/Router.php(800): Illuminate\\Routing\\Router->runRouteWithinStack()
#39 /var/www/html/vendor/laravel/framework/src/Illuminate/Routing/Router.php(764): Illuminate\\Routing\\Router->runRoute()
#40 /var/www/html/vendor/laravel/framework/src/Illuminate/Routing/Router.php(753): Illuminate\\Routing\\Router->dispatchToRoute()
#41 /var/www/html/vendor/laravel/framework/src/Illuminate/Foundation/Http/Kernel.php(200): Illuminate\\Routing\\Router->dispatch()
#42 /var/www/html/vendor/laravel/framework/src/Illuminate/Pipeline/Pipeline.php(180): Illuminate\\Foundation\\Http\\Kernel->{closure:Illuminate\\Foundation\\Http\\Kernel::dispatchToRouter():197}()
#43 /var/www/html/vendor/livewire/livewire/src/Features/SupportDisablingBackButtonCache/DisableBackButtonCacheMiddleware.php(19): Illuminate\\Pipeline\\Pipeline->{closure:Illuminate\\Pipeline\\Pipeline::prepareDestination():178}()
#44 /var/www/html/vendor/laravel/framework/src/Illuminate/Pipeline/Pipeline.php(219): Livewire\\Features\\SupportDisablingBackButtonCache\\DisableBackButtonCacheMiddleware->handle()
#45 /var/www/html/vendor/laravel/framework/src/Illuminate/Foundation/Http/Middleware/TransformsRequest.php(21): Illuminate\\Pipeline\\Pipeline->{closure:{closure:Illuminate\\Pipeline\\Pipeline::carry():194}:195}()
#46 /var/www/html/vendor/laravel/framework/src/Illuminate/Foundation/Http/Middleware/ConvertEmptyStringsToNull.php(31): Illuminate\\Foundation\\Http\\Middleware\\TransformsRequest->handle()
#47 /var/www/html/vendor/laravel/framework/src/Illuminate/Pipeline/Pipeline.php(219): Illuminate\\Foundation\\Http\\Middleware\\ConvertEmptyStringsToNull->handle()
#48 /var/www/html/vendor/laravel/framework/src/Illuminate/Foundation/Http/Middleware/TransformsRequest.php(21): Illuminate\\Pipeline\\Pipeline->{closure:{closure:Illuminate\\Pipeline\\Pipeline::carry():194}:195}()
#49 /var/www/html/vendor/laravel/framework/src/Illuminate/Foundation/Http/Middleware/TrimStrings.php(51): Illuminate\\Foundation\\Http\\Middleware\\TransformsRequest->handle()
#50 /var/www/html/vendor/laravel/framework/src/Illuminate/Pipeline/Pipeline.php(219): Illuminate\\Foundation\\Http\\Middleware\\TrimStrings->handle()
#51 /var/www/html/vendor/laravel/framework/src/Illuminate/Http/Middleware/ValidatePostSize.php(27): Illuminate\\Pipeline\\Pipeline->{closure:{closure:Illuminate\\Pipeline\\Pipeline::carry():194}:195}()
#52 /var/www/html/vendor/laravel/framework/src/Illuminate/Pipeline/Pipeline.php(219): Illuminate\\Http\\Middleware\\ValidatePostSize->handle()
#53 /var/www/html/vendor/laravel/framework/src/Illuminate/Foundation/Http/Middleware/PreventRequestsDuringMaintenance.php(109): Illuminate\\Pipeline\\Pipeline->{closure:{closure:Illuminate\\Pipeline\\Pipeline::carry():194}:195}()
#54 /var/www/html/vendor/laravel/framework/src/Illuminate/Pipeline/Pipeline.php(219): Illuminate\\Foundation\\Http\\Middleware\\PreventRequestsDuringMaintenance->handle()
#55 /var/www/html/vendor/laravel/framework/src/Illuminate/Http/Middleware/HandleCors.php(61): Illuminate\\Pipeline\\Pipeline->{closure:{closure:Illuminate\\Pipeline\\Pipeline::carry():194}:195}()
#56 /var/www/html/vendor/laravel/framework/src/Illuminate/Pipeline/Pipeline.php(219): Illuminate\\Http\\Middleware\\HandleCors->handle()
#57 /var/www/html/vendor/laravel/framework/src/Illuminate/Http/Middleware/TrustProxies.php(58): Illuminate\\Pipeline\\Pipeline->{closure:{closure:Illuminate\\Pipeline\\Pipeline::carry():194}:195}()
#58 /var/www/html/vendor/laravel/framework/src/Illuminate/Pipeline/Pipeline.php(219): Illuminate\\Http\\Middleware\\TrustProxies->handle()
#59 /var/www/html/vendor/laravel/framework/src/Illuminate/Foundation/Http/Middleware/InvokeDeferredCallbacks.php(22): Illuminate\\Pipeline\\Pipeline->{closure:{closure:Illuminate\\Pipeline\\Pipeline::carry():194}:195}()
#60 /var/www/html/vendor/laravel/framework/src/Illuminate/Pipeline/Pipeline.php(219): Illuminate\\Foundation\\Http\\Middleware\\InvokeDeferredCallbacks->handle()
#61 /var/www/html/vendor/laravel/framework/src/Illuminate/Http/Middleware/ValidatePathEncoding.php(28): Illuminate\\Pipeline\\Pipeline->{closure:{closure:Illuminate\\Pipeline\\Pipeline::carry():194}:195}()
#62 /var/www/html/vendor/laravel/framework/src/Illuminate/Pipeline/Pipeline.php(219): Illuminate\\Http\\Middleware\\ValidatePathEncoding->handle()
#63 /var/www/html/vendor/laravel/framework/src/Illuminate/Pipeline/Pipeline.php(137): Illuminate\\Pipeline\\Pipeline->{closure:{closure:Illuminate\\Pipeline\\Pipeline::carry():194}:195}()
#64 /var/www/html/vendor/laravel/framework/src/Illuminate/Foundation/Http/Kernel.php(175): Illuminate\\Pipeline\\Pipeline->then()
#65 /var/www/html/vendor/laravel/framework/src/Illuminate/Foundation/Http/Kernel.php(144): Illuminate\\Foundation\\Http\\Kernel->sendRequestThroughRouter()
#66 /var/www/html/vendor/laravel/framework/src/Illuminate/Foundation/Testing/Concerns/MakesHttpRequests.php(607): Illuminate\\Foundation\\Http\\Kernel->handle()
#67 /var/www/html/vendor/laravel/framework/src/Illuminate/Foundation/Testing/Concerns/MakesHttpRequests.php(368): Illuminate\\Foundation\\Testing\\TestCase->call()
#68 /var/www/html/tests/Feature/PosPagesTest.php(10): Illuminate\\Foundation\\Testing\\TestCase->get()
#69 /var/www/html/vendor/pestphp/pest/src/Factories/TestCaseMethodFactory.php(172): P\\Tests\\Feature\\PosPagesTest->{closure:/var/www/html/tests/Feature/PosPagesTest.php:9}()
#70 [internal function]: P\\Tests\\Feature\\PosPagesTest->{closure:Pest\\Factories\\TestCaseMethodFactory::getClosure():162}()
#71 /var/www/html/vendor/pestphp/pest/src/Concerns/Testable.php(429): call_user_func_array()
#72 /var/www/html/vendor/pestphp/pest/src/Support/ExceptionTrace.php(26): P\\Tests\\Feature\\PosPagesTest->{closure:Pest\\Concerns\\Testable::__callClosure():429}()
#73 /var/www/html/vendor/pestphp/pest/src/Concerns/Testable.php(429): Pest\\Support\\ExceptionTrace::ensure()
#74 /var/www/html/vendor/pestphp/pest/src/Concerns/Testable.php(331): P\\Tests\\Feature\\PosPagesTest->__callClosure()
#75 /var/www/html/vendor/pestphp/pest/src/Factories/TestCaseFactory.php(175) : eval()'d code(17): P\\Tests\\Feature\\PosPagesTest->__runTest()
#76 /var/www/html/vendor/phpunit/phpunit/src/Framework/TestCase.php(1332): P\\Tests\\Feature\\PosPagesTest->__pest_evaluable_customer_ordering_page_is_public()
#77 /var/www/html/vendor/phpunit/phpunit/src/Framework/TestCase.php(519): PHPUnit\\Framework\\TestCase->runTest()
#78 /var/www/html/vendor/phpunit/phpunit/src/Framework/TestRunner/TestRunner.php(99): PHPUnit\\Framework\\TestCase->runBare()
#79 /var/www/html/vendor/phpunit/phpunit/src/Framework/TestCase.php(359): PHPUnit\\Framework\\TestRunner->run()
#80 /var/www/html/vendor/phpunit/phpunit/src/Framework/TestSuite.php(374): PHPUnit\\Framework\\TestCase->run()
#81 /var/www/html/vendor/phpunit/phpunit/src/Framework/TestSuite.php(374): PHPUnit\\Framework\\TestSuite->run()
#82 /var/www/html/vendor/phpunit/phpunit/src/Framework/TestSuite.php(374): PHPUnit\\Framework\\TestSuite->run()
#83 /var/www/html/vendor/phpunit/phpunit/src/TextUI/TestRunner.php(64): PHPUnit\\Framework\\TestSuite->run()
#84 /var/www/html/vendor/phpunit/phpunit/src/TextUI/Application.php(229): PHPUnit\\TextUI\\TestRunner->run()
#85 /var/www/html/vendor/pestphp/pest/src/Kernel.php(103): PHPUnit\\TextUI\\Application->run()
#86 /var/www/html/vendor/pestphp/pest/bin/pest(184): Pest\\Kernel->handle()
#87 /var/www/html/vendor/pestphp/pest/bin/pest(192): {closure:/var/www/html/vendor/pestphp/pest/bin/pest:18}()
#88 {main}

[previous exception] [object] (Illuminate\\View\\ViewException(code: 0): Unable to locate file in Vite manifest: resources/js/customer-realtime.js. (View: /var/www/html/resources/views/layouts/app.blade.php) at /var/www/html/vendor/laravel/framework/src/Illuminate/Foundation/Vite.php:999)
[stacktrace]
#0 /var/www/html/vendor/livewire/livewire/src/Mechanisms/ExtendBlade/ExtendedCompilerEngine.php(58): Illuminate\\View\\Engines\\CompilerEngine->handleViewException()
#1 /var/www/html/vendor/laravel/framework/src/Illuminate/View/Engines/PhpEngine.php(59): Livewire\\Mechanisms\\ExtendBlade\\ExtendedCompilerEngine->handleViewException()
#2 /var/www/html/vendor/livewire/livewire/src/Mechanisms/ExtendBlade/ExtendedCompilerEngine.php(22): Illuminate\\View\\Engines\\PhpEngine->evaluatePath()
#3 /var/www/html/vendor/laravel/framework/src/Illuminate/View/Engines/CompilerEngine.php(76): Livewire\\Mechanisms\\ExtendBlade\\ExtendedCompilerEngine->evaluatePath()
#4 /var/www/html/vendor/livewire/livewire/src/Mechanisms/ExtendBlade/ExtendedCompilerEngine.php(10): Illuminate\\View\\Engines\\CompilerEngine->get()
#5 /var/www/html/vendor/laravel/framework/src/Illuminate/View/View.php(208): Livewire\\Mechanisms\\ExtendBlade\\ExtendedCompilerEngine->get()
#6 /var/www/html/vendor/laravel/framework/src/Illuminate/View/View.php(191): Illuminate\\View\\View->getContents()
#7 /var/www/html/vendor/laravel/framework/src/Illuminate/View/View.php(160): Illuminate\\View\\View->renderContents()
#8 /var/www/html/vendor/laravel/framework/src/Illuminate/View/Concerns/ManagesComponents.php(103): Illuminate\\View\\View->render()
#9 /var/www/html/storage/framework/views/e8ce3d8ff7d732a3d663f43daf821bf3.php(17): Illuminate\\View\\Factory->renderComponent()
#10 /var/www/html/vendor/laravel/framework/src/Illuminate/Filesystem/Filesystem.php(123): require('...')
#11 /var/www/html/vendor/laravel/framework/src/Illuminate/Filesystem/Filesystem.php(124): Illuminate\\Filesystem\\Filesystem::{closure:Illuminate\\Filesystem\\Filesystem::getRequire():120}()
#12 /var/www/html/vendor/laravel/framework/src/Illuminate/View/Engines/PhpEngine.php(57): Illuminate\\Filesystem\\Filesystem->getRequire()
#13 /var/www/html/vendor/livewire/livewire/src/Mechanisms/ExtendBlade/ExtendedCompilerEngine.php(22): Illuminate\\View\\Engines\\PhpEngine->evaluatePath()
#14 /var/www/html/vendor/laravel/framework/src/Illuminate/View/Engines/CompilerEngine.php(76): Livewire\\Mechanisms\\ExtendBlade\\ExtendedCompilerEngine->evaluatePath()
#15 /var/www/html/vendor/livewire/livewire/src/Mechanisms/ExtendBlade/ExtendedCompilerEngine.php(10): Illuminate\\View\\Engines\\CompilerEngine->get()
#16 /var/www/html/vendor/laravel/framework/src/Illuminate/View/View.php(208): Livewire\\Mechanisms\\ExtendBlade\\ExtendedCompilerEngine->get()
#17 /var/www/html/vendor/laravel/framework/src/Illuminate/View/View.php(191): Illuminate\\View\\View->getContents()
#18 /var/www/html/vendor/laravel/framework/src/Illuminate/View/View.php(160): Illuminate\\View\\View->renderContents()
#19 /var/www/html/vendor/laravel/framework/src/Illuminate/View/Compilers/BladeCompiler.php(353): Illuminate\\View\\View->render()
#20 /var/www/html/vendor/laravel/framework/src/Illuminate/Support/Facades/Facade.php(363): Illuminate\\View\\Compilers\\BladeCompiler::render()
#21 /var/www/html/vendor/livewire/livewire/src/Features/SupportPageComponents/SupportPageComponents.php(162): Illuminate\\Support\\Facades\\Facade::__callStatic()
#22 /var/www/html/vendor/livewire/livewire/src/Features/SupportPageComponents/HandlesPageComponents.php(26): Livewire\\Features\\SupportPageComponents\\SupportPageComponents::renderContentsIntoLayout()
#23 /var/www/html/vendor/laravel/framework/src/Illuminate/Container/BoundMethod.php(36): Livewire\\Component->__invoke()
#24 /var/www/html/vendor/laravel/framework/src/Illuminate/Container/Util.php(43): Illuminate\\Container\\BoundMethod::{closure:Illuminate\\Container\\BoundMethod::call():35}()
#25 /var/www/html/vendor/laravel/framework/src/Illuminate/Container/BoundMethod.php(96): Illuminate\\Container\\Util::unwrapIfClosure()
#26 /var/www/html/vendor/laravel/framework/src/Illuminate/Container/BoundMethod.php(35): Illuminate\\Container\\BoundMethod::callBoundMethod()
#27 /var/www/html/vendor/laravel/framework/src/Illuminate/Container/Container.php(799): Illuminate\\Container\\BoundMethod::call()
#28 /var/www/html/vendor/livewire/livewire/src/Mechanisms/HandleRouting/LivewirePageController.php(15): Illuminate\\Container\\Container->call()
#29 /var/www/html/vendor/laravel/framework/src/Illuminate/Routing/ControllerDispatcher.php(46): Livewire\\Mechanisms\\HandleRouting\\LivewirePageController->__invoke()
#30 /var/www/html/vendor/laravel/framework/src/Illuminate/Routing/Route.php(269): Illuminate\\Routing\\ControllerDispatcher->dispatch()
#31 /var/www/html/vendor/laravel/framework/src/Illuminate/Routing/Route.php(215): Illuminate\\Routing\\Route->runController()
#32 /var/www/html/vendor/laravel/framework/src/Illuminate/Routing/Router.php(822): Illuminate\\Routing\\Route->run()
#33 /var/www/html/vendor/laravel/framework/src/Illuminate/Pipeline/Pipeline.php(180): Illuminate\\Routing\\Router->{closure:Illuminate\\Routing\\Router::runRouteWithinStack():821}()
#34 /var/www/html/vendor/laravel/framework/src/Illuminate/Routing/Middleware/SubstituteBindings.php(52): Illuminate\\Pipeline\\Pipeline->{closure:Illuminate\\Pipeline\\Pipeline::prepareDestination():178}()
#35 /var/www/html/vendor/laravel/framework/src/Illuminate/Pipeline/Pipeline.php(219): Illuminate\\Routing\\Middleware\\SubstituteBindings->handle()
#36 /var/www/html/vendor/laravel/framework/src/Illuminate/Foundation/Http/Middleware/PreventRequestForgery.php(104): Illuminate\\Pipeline\\Pipeline->{closure:{closure:Illuminate\\Pipeline\\Pipeline::carry():194}:195}()
#37 /var/www/html/vendor/laravel/framework/src/Illuminate/Pipeline/Pipeline.php(219): Illuminate\\Foundation\\Http\\Middleware\\PreventRequestForgery->handle()
#38 /var/www/html/vendor/laravel/framework/src/Illuminate/View/Middleware/ShareErrorsFromSession.php(48): Illuminate\\Pipeline\\Pipeline->{closure:{closure:Illuminate\\Pipeline\\Pipeline::carry():194}:195}()
#39 /var/www/html/vendor/laravel/framework/src/Illuminate/Pipeline/Pipeline.php(219): Illuminate\\View\\Middleware\\ShareErrorsFromSession->handle()
#40 /var/www/html/vendor/laravel/framework/src/Illuminate/Session/Middleware/StartSession.php(120): Illuminate\\Pipeline\\Pipeline->{closure:{closure:Illuminate\\Pipeline\\Pipeline::carry():194}:195}()
#41 /var/www/html/vendor/laravel/framework/src/Illuminate/Session/Middleware/StartSession.php(63): Illuminate\\Session\\Middleware\\StartSession->handleStatefulRequest()
#42 /var/www/html/vendor/laravel/framework/src/Illuminate/Pipeline/Pipeline.php(219): Illuminate\\Session\\Middleware\\StartSession->handle()
#43 /var/www/html/vendor/laravel/framework/src/Illuminate/Cookie/Middleware/AddQueuedCookiesToResponse.php(36): Illuminate\\Pipeline\\Pipeline->{closure:{closure:Illuminate\\Pipeline\\Pipeline::carry():194}:195}()
#44 /var/www/html/vendor/laravel/framework/src/Illuminate/Pipeline/Pipeline.php(219): Illuminate\\Cookie\\Middleware\\AddQueuedCookiesToResponse->handle()
#45 /var/www/html/vendor/laravel/framework/src/Illuminate/Cookie/Middleware/EncryptCookies.php(74): Illuminate\\Pipeline\\Pipeline->{closure:{closure:Illuminate\\Pipeline\\Pipeline::carry():194}:195}()
#46 /var/www/html/vendor/laravel/framework/src/Illuminate/Pipeline/Pipeline.php(219): Illuminate\\Cookie\\Middleware\\EncryptCookies->handle()
#47 /var/www/html/vendor/laravel/framework/src/Illuminate/Pipeline/Pipeline.php(137): Illuminate\\Pipeline\\Pipeline->{closure:{closure:Illuminate\\Pipeline\\Pipeline::carry():194}:195}()
#48 /var/www/html/vendor/laravel/framework/src/Illuminate/Routing/Router.php(821): Illuminate\\Pipeline\\Pipeline->then()
#49 /var/www/html/vendor/laravel/framework/src/Illuminate/Routing/Router.php(800): Illuminate\\Routing\\Router->runRouteWithinStack()
#50 /var/www/html/vendor/laravel/framework/src/Illuminate/Routing/Router.php(764): Illuminate\\Routing\\Router->runRoute()
#51 /var/www/html/vendor/laravel/framework/src/Illuminate/Routing/Router.php(753): Illuminate\\Routing\\Router->dispatchToRoute()
#52 /var/www/html/vendor/laravel/framework/src/Illuminate/Foundation/Http/Kernel.php(200): Illuminate\\Routing\\Router->dispatch()
#53 /var/www/html/vendor/laravel/framework/src/Illuminate/Pipeline/Pipeline.php(180): Illuminate\\Foundation\\Http\\Kernel->{closure:Illuminate\\Foundation\\Http\\Kernel::dispatchToRouter():197}()
#54 /var/www/html/vendor/livewire/livewire/src/Features/SupportDisablingBackButtonCache/DisableBackButtonCacheMiddleware.php(19): Illuminate\\Pipeline\\Pipeline->{closure:Illuminate\\Pipeline\\Pipeline::prepareDestination():178}()
#55 /var/www/html/vendor/laravel/framework/src/Illuminate/Pipeline/Pipeline.php(219): Livewire\\Features\\SupportDisablingBackButtonCache\\DisableBackButtonCacheMiddleware->handle()
#56 /var/www/html/vendor/laravel/framework/src/Illuminate/Foundation/Http/Middleware/TransformsRequest.php(21): Illuminate\\Pipeline\\Pipeline->{closure:{closure:Illuminate\\Pipeline\\Pipeline::carry():194}:195}()
#57 /var/www/html/vendor/laravel/framework/src/Illuminate/Foundation/Http/Middleware/ConvertEmptyStringsToNull.php(31): Illuminate\\Foundation\\Http\\Middleware\\TransformsRequest->handle()
#58 /var/www/html/vendor/laravel/framework/src/Illuminate/Pipeline/Pipeline.php(219): Illuminate\\Foundation\\Http\\Middleware\\ConvertEmptyStringsToNull->handle()
#59 /var/www/html/vendor/laravel/framework/src/Illuminate/Foundation/Http/Middleware/TransformsRequest.php(21): Illuminate\\Pipeline\\Pipeline->{closure:{closure:Illuminate\\Pipeline\\Pipeline::carry():194}:195}()
#60 /var/www/html/vendor/laravel/framework/src/Illuminate/Foundation/Http/Middleware/TrimStrings.php(51): Illuminate\\Foundation\\Http\\Middleware\\TransformsRequest->handle()
#61 /var/www/html/vendor/laravel/framework/src/Illuminate/Pipeline/Pipeline.php(219): Illuminate\\Foundation\\Http\\Middleware\\TrimStrings->handle()
#62 /var/www/html/vendor/laravel/framework/src/Illuminate/Http/Middleware/ValidatePostSize.php(27): Illuminate\\Pipeline\\Pipeline->{closure:{closure:Illuminate\\Pipeline\\Pipeline::carry():194}:195}()
#63 /var/www/html/vendor/laravel/framework/src/Illuminate/Pipeline/Pipeline.php(219): Illuminate\\Http\\Middleware\\ValidatePostSize->handle()
#64 /var/www/html/vendor/laravel/framework/src/Illuminate/Foundation/Http/Middleware/PreventRequestsDuringMaintenance.php(109): Illuminate\\Pipeline\\Pipeline->{closure:{closure:Illuminate\\Pipeline\\Pipeline::carry():194}:195}()
#65 /var/www/html/vendor/laravel/framework/src/Illuminate/Pipeline/Pipeline.php(219): Illuminate\\Foundation\\Http\\Middleware\\PreventRequestsDuringMaintenance->handle()
#66 /var/www/html/vendor/laravel/framework/src/Illuminate/Http/Middleware/HandleCors.php(61): Illuminate\\Pipeline\\Pipeline->{closure:{closure:Illuminate\\Pipeline\\Pipeline::carry():194}:195}()
#67 /var/www/html/vendor/laravel/framework/src/Illuminate/Pipeline/Pipeline.php(219): Illuminate\\Http\\Middleware\\HandleCors->handle()
#68 /var/www/html/vendor/laravel/framework/src/Illuminate/Http/Middleware/TrustProxies.php(58): Illuminate\\Pipeline\\Pipeline->{closure:{closure:Illuminate\\Pipeline\\Pipeline::carry():194}:195}()
#69 /var/www/html/vendor/laravel/framework/src/Illuminate/Pipeline/Pipeline.php(219): Illuminate\\Http\\Middleware\\TrustProxies->handle()
#70 /var/www/html/vendor/laravel/framework/src/Illuminate/Foundation/Http/Middleware/InvokeDeferredCallbacks.php(22): Illuminate\\Pipeline\\Pipeline->{closure:{closure:Illuminate\\Pipeline\\Pipeline::carry():194}:195}()
#71 /var/www/html/vendor/laravel/framework/src/Illuminate/Pipeline/Pipeline.php(219): Illuminate\\Foundation\\Http\\Middleware\\InvokeDeferredCallbacks->handle()
#72 /var/www/html/vendor/laravel/framework/src/Illuminate/Http/Middleware/ValidatePathEncoding.php(28): Illuminate\\Pipeline\\Pipeline->{closure:{closure:Illuminate\\Pipeline\\Pipeline::carry():194}:195}()
#73 /var/www/html/vendor/laravel/framework/src/Illuminate/Pipeline/Pipeline.php(219): Illuminate\\Http\\Middleware\\ValidatePathEncoding->handle()
#74 /var/www/html/vendor/laravel/framework/src/Illuminate/Pipeline/Pipeline.php(137): Illuminate\\Pipeline\\Pipeline->{closure:{closure:Illuminate\\Pipeline\\Pipeline::carry():194}:195}()
#75 /var/www/html/vendor/laravel/framework/src/Illuminate/Foundation/Http/Kernel.php(175): Illuminate\\Pipeline\\Pipeline->then()
#76 /var/www/html/vendor/laravel/framework/src/Illuminate/Foundation/Http/Kernel.php(144): Illuminate\\Foundation\\Http\\Kernel->sendRequestThroughRouter()
#77 /var/www/html/vendor/laravel/framework/src/Illuminate/Foundation/Testing/Concerns/MakesHttpRequests.php(607): Illuminate\\Foundation\\Http\\Kernel->handle()
#78 /var/www/html/vendor/laravel/framework/src/Illuminate/Foundation/Testing/Concerns/MakesHttpRequests.php(368): Illuminate\\Foundation\\Testing\\TestCase->call()
#79 /var/www/html/tests/Feature/PosPagesTest.php(10): Illuminate\\Foundation\\Testing\\TestCase->get()
#80 /var/www/html/vendor/pestphp/pest/src/Factories/TestCaseMethodFactory.php(172): P\\Tests\\Feature\\PosPagesTest->{closure:/var/www/html/tests/Feature/PosPagesTest.php:9}()
#81 [internal function]: P\\Tests\\Feature\\PosPagesTest->{closure:Pest\\Factories\\TestCaseMethodFactory::getClosure():162}()
#82 /var/www/html/vendor/pestphp/pest/src/Concerns/Testable.php(429): call_user_func_array()
#83 /var/www/html/vendor/pestphp/pest/src/Support/ExceptionTrace.php(26): P\\Tests\\Feature\\PosPagesTest->{closure:Pest\\Concerns\\Testable::__callClosure():429}()
#84 /var/www/html/vendor/pestphp/pest/src/Concerns/Testable.php(429): Pest\\Support\\ExceptionTrace::ensure()
#85 /var/www/html/vendor/pestphp/pest/src/Concerns/Testable.php(331): P\\Tests\\Feature\\PosPagesTest->__callClosure()
#86 /var/www/html/vendor/pestphp/pest/src/Factories/TestCaseFactory.php(175) : eval()'d code(17): P\\Tests\\Feature\\PosPagesTest->__runTest()
#87 /var/www/html/vendor/phpunit/phpunit/src/Framework/TestCase.php(1332): P\\Tests\\Feature\\PosPagesTest->__pest_evaluable_customer_ordering_page_is_public()
#88 /var/www/html/vendor/phpunit/phpunit/src/Framework/TestCase.php(519): PHPUnit\\Framework\\TestCase->runTest()
#89 /var/www/html/vendor/phpunit/phpunit/src/Framework/TestRunner/TestRunner.php(99): PHPUnit\\Framework\\TestCase->runBare()
#90 /var/www/html/vendor/phpunit/phpunit/src/Framework/TestCase.php(359): PHPUnit\\Framework\\TestRunner->run()
#91 /var/www/html/vendor/phpunit/phpunit/src/Framework/TestSuite.php(374): PHPUnit\\Framework\\TestCase->run()
#92 /var/www/html/vendor/phpunit/phpunit/src/Framework/TestSuite.php(374): PHPUnit\\Framework\\TestSuite->run()
#93 /var/www/html/vendor/phpunit/phpunit/src/Framework/TestSuite.php(374): PHPUnit\\Framework\\TestSuite->run()
#94 /var/www/html/vendor/phpunit/phpunit/src/TextUI/TestRunner.php(64): PHPUnit\\Framework\\TestSuite->run()
#95 /var/www/html/vendor/phpunit/phpunit/src/TextUI/Application.php(229): PHPUnit\\TextUI\\TestRunner->run()
#96 /var/www/html/vendor/pestphp/pest/src/Kernel.php(103): PHPUnit\\TextUI\\Application->run()
#97 /var/www/html/vendor/pestphp/pest/bin/pest(184): Pest\\Kernel->handle()
#98 /var/www/html/vendor/pestphp/pest/bin/pest(192): {closure:/var/www/html/vendor/pestphp/pest/bin/pest:18}()
#99 {main}

[previous exception] [object] (Illuminate\\Foundation\\ViteException(code: 0): Unable to locate file in Vite manifest: resources/js/customer-realtime.js. at /var/www/html/vendor/laravel/framework/src/Illuminate/Foundation/Vite.php:999)
[stacktrace]
#0 /var/www/html/vendor/laravel/framework/src/Illuminate/Foundation/Vite.php(390): Illuminate\\Foundation\\Vite->chunk()
#1 /var/www/html/storage/framework/views/8af96f1aa4ca539680bbb419b6450c05.php(19): Illuminate\\Foundation\\Vite->__invoke()
#2 /var/www/html/vendor/laravel/framework/src/Illuminate/Filesystem/Filesystem.php(123): require('...')
#3 /var/www/html/vendor/laravel/framework/src/Illuminate/Filesystem/Filesystem.php(124): Illuminate\\Filesystem\\Filesystem::{closure:Illuminate\\Filesystem\\Filesystem::getRequire():120}()
#4 /var/www/html/vendor/laravel/framework/src/Illuminate/View/Engines/PhpEngine.php(57): Illuminate\\Filesystem\\Filesystem->getRequire()
#5 /var/www/html/vendor/livewire/livewire/src/Mechanisms/ExtendBlade/ExtendedCompilerEngine.php(22): Illuminate\\View\\Engines\\PhpEngine->evaluatePath()
#6 /var/www/html/vendor/laravel/framework/src/Illuminate/View/Engines/CompilerEngine.php(76): Livewire\\Mechanisms\\ExtendBlade\\ExtendedCompilerEngine->evaluatePath()
#7 /var/www/html/vendor/livewire/livewire/src/Mechanisms/ExtendBlade/ExtendedCompilerEngine.php(10): Illuminate\\View\\Engines\\CompilerEngine->get()
#8 /var/www/html/vendor/laravel/framework/src/Illuminate/View/View.php(208): Livewire\\Mechanisms\\ExtendBlade\\ExtendedCompilerEngine->get()
#9 /var/www/html/vendor/laravel/framework/src/Illuminate/View/View.php(191): Illuminate\\View\\View->getContents()
#10 /var/www/html/vendor/laravel/framework/src/Illuminate/View/View.php(160): Illuminate\\View\\View->renderContents()
#11 /var/www/html/vendor/laravel/framework/src/Illuminate/View/Concerns/ManagesComponents.php(103): Illuminate\\View\\View->render()
#12 /var/www/html/storage/framework/views/e8ce3d8ff7d732a3d663f43daf821bf3.php(17): Illuminate\\View\\Factory->renderComponent()
#13 /var/www/html/vendor/laravel/framework/src/Illuminate/Filesystem/Filesystem.php(123): require('...')
#14 /var/www/html/vendor/laravel/framework/src/Illuminate/Filesystem/Filesystem.php(124): Illuminate\\Filesystem\\Filesystem::{closure:Illuminate\\Filesystem\\Filesystem::getRequire():120}()
#15 /var/www/html/vendor/laravel/framework/src/Illuminate/View/Engines/PhpEngine.php(57): Illuminate\\Filesystem\\Filesystem->getRequire()
#16 /var/www/html/vendor/livewire/livewire/src/Mechanisms/ExtendBlade/ExtendedCompilerEngine.php(22): Illuminate\\View\\Engines\\PhpEngine->evaluatePath()
#17 /var/www/html/vendor/laravel/framework/src/Illuminate/View/Engines/CompilerEngine.php(76): Livewire\\Mechanisms\\ExtendBlade\\ExtendedCompilerEngine->evaluatePath()
#18 /var/www/html/vendor/livewire/livewire/src/Mechanisms/ExtendBlade/ExtendedCompilerEngine.php(10): Illuminate\\View\\Engines\\CompilerEngine->get()
#19 /var/www/html/vendor/laravel/framework/src/Illuminate/View/View.php(208): Livewire\\Mechanisms\\ExtendBlade\\ExtendedCompilerEngine->get()
#20 /var/www/html/vendor/laravel/framework/src/Illuminate/View/View.php(191): Illuminate\\View\\View->getContents()
#21 /var/www/html/vendor/laravel/framework/src/Illuminate/View/View.php(160): Illuminate\\View\\View->renderContents()
#22 /var/www/html/vendor/laravel/framework/src/Illuminate/View/Compilers/BladeCompiler.php(353): Illuminate\\View\\View->render()
#23 /var/www/html/vendor/laravel/framework/src/Illuminate/Support/Facades/Facade.php(363): Illuminate\\View\\Compilers\\BladeCompiler::render()
#24 /var/www/html/vendor/livewire/livewire/src/Features/SupportPageComponents/SupportPageComponents.php(162): Illuminate\\Support\\Facades\\Facade::__callStatic()
#25 /var/www/html/vendor/livewire/livewire/src/Features/SupportPageComponents/HandlesPageComponents.php(26): Livewire\\Features\\SupportPageComponents\\SupportPageComponents::renderContentsIntoLayout()
#26 /var/www/html/vendor/laravel/framework/src/Illuminate/Container/BoundMethod.php(36): Livewire\\Component->__invoke()
#27 /var/www/html/vendor/laravel/framework/src/Illuminate/Container/Util.php(43): Illuminate\\Container\\BoundMethod::{closure:Illuminate\\Container\\BoundMethod::call():35}()
#28 /var/www/html/vendor/laravel/framework/src/Illuminate/Container/BoundMethod.php(96): Illuminate\\Container\\Util::unwrapIfClosure()
#29 /var/www/html/vendor/laravel/framework/src/Illuminate/Container/BoundMethod.php(35): Illuminate\\Container\\BoundMethod::callBoundMethod()
#30 /var/www/html/vendor/laravel/framework/src/Illuminate/Container/Container.php(799): Illuminate\\Container\\BoundMethod::call()
#31 /var/www/html/vendor/livewire/livewire/src/Mechanisms/HandleRouting/LivewirePageController.php(15): Illuminate\\Container\\Container->call()
#32 /var/www/html/vendor/laravel/framework/src/Illuminate/Routing/ControllerDispatcher.php(46): Livewire\\Mechanisms\\HandleRouting\\LivewirePageController->__invoke()
#33 /var/www/html/vendor/laravel/framework/src/Illuminate/Routing/Route.php(269): Illuminate\\Routing\\ControllerDispatcher->dispatch()
#34 /var/www/html/vendor/laravel/framework/src/Illuminate/Routing/Route.php(215): Illuminate\\Routing\\Route->runController()
#35 /var/www/html/vendor/laravel/framework/src/Illuminate/Routing/Router.php(822): Illuminate\\Routing\\Route->run()
#36 /var/www/html/vendor/laravel/framework/src/Illuminate/Pipeline/Pipeline.php(180): Illuminate\\Routing\\Router->{closure:Illuminate\\Routing\\Router::runRouteWithinStack():821}()
#37 /var/www/html/vendor/laravel/framework/src/Illuminate/Routing/Middleware/SubstituteBindings.php(52): Illuminate\\Pipeline\\Pipeline->{closure:Illuminate\\Pipeline\\Pipeline::prepareDestination():178}()
#38 /var/www/html/vendor/laravel/framework/src/Illuminate/Pipeline/Pipeline.php(219): Illuminate\\Routing\\Middleware\\SubstituteBindings->handle()
#39 /var/www/html/vendor/laravel/framework/src/Illuminate/Foundation/Http/Middleware/PreventRequestForgery.php(104): Illuminate\\Pipeline\\Pipeline->{closure:{closure:Illuminate\\Pipeline\\Pipeline::carry():194}:195}()
#40 /var/www/html/vendor/laravel/framework/src/Illuminate/Pipeline/Pipeline.php(219): Illuminate\\Foundation\\Http\\Middleware\\PreventRequestForgery->handle()
#41 /var/www/html/vendor/laravel/framework/src/Illuminate/View/Middleware/ShareErrorsFromSession.php(48): Illuminate\\Pipeline\\Pipeline->{closure:{closure:Illuminate\\Pipeline\\Pipeline::carry():194}:195}()
#42 /var/www/html/vendor/laravel/framework/src/Illuminate/Pipeline/Pipeline.php(219): Illuminate\\View\\Middleware\\ShareErrorsFromSession->handle()
#43 /var/www/html/vendor/laravel/framework/src/Illuminate/Session/Middleware/StartSession.php(120): Illuminate\\Pipeline\\Pipeline->{closure:{closure:Illuminate\\Pipeline\\Pipeline::carry():194}:195}()
#44 /var/www/html/vendor/laravel/framework/src/Illuminate/Session/Middleware/StartSession.php(63): Illuminate\\Session\\Middleware\\StartSession->handleStatefulRequest()
#45 /var/www/html/vendor/laravel/framework/src/Illuminate/Pipeline/Pipeline.php(219): Illuminate\\Session\\Middleware\\StartSession->handle()
#46 /var/www/html/vendor/laravel/framework/src/Illuminate/Cookie/Middleware/AddQueuedCookiesToResponse.php(36): Illuminate\\Pipeline\\Pipeline->{closure:{closure:Illuminate\\Pipeline\\Pipeline::carry():194}:195}()
#47 /var/www/html/vendor/laravel/framework/src/Illuminate/Pipeline/Pipeline.php(219): Illuminate\\Cookie\\Middleware\\AddQueuedCookiesToResponse->handle()
#48 /var/www/html/vendor/laravel/framework/src/Illuminate/Cookie/Middleware/EncryptCookies.php(74): Illuminate\\Pipeline\\Pipeline->{closure:{closure:Illuminate\\Pipeline\\Pipeline::carry():194}:195}()
#49 /var/www/html/vendor/laravel/framework/src/Illuminate/Pipeline/Pipeline.php(219): Illuminate\\Cookie\\Middleware\\EncryptCookies->handle()
#50 /var/www/html/vendor/laravel/framework/src/Illuminate/Pipeline/Pipeline.php(137): Illuminate\\Pipeline\\Pipeline->{closure:{closure:Illuminate\\Pipeline\\Pipeline::carry():194}:195}()
#51 /var/www/html/vendor/laravel/framework/src/Illuminate/Routing/Router.php(821): Illuminate\\Pipeline\\Pipeline->then()
#52 /var/www/html/vendor/laravel/framework/src/Illuminate/Routing/Router.php(800): Illuminate\\Routing\\Router->runRouteWithinStack()
#53 /var/www/html/vendor/laravel/framework/src/Illuminate/Routing/Router.php(764): Illuminate\\Routing\\Router->runRoute()
#54 /var/www/html/vendor/laravel/framework/src/Illuminate/Routing/Router.php(753): Illuminate\\Routing\\Router->dispatchToRoute()
#55 /var/www/html/vendor/laravel/framework/src/Illuminate/Foundation/Http/Kernel.php(200): Illuminate\\Routing\\Router->dispatch()
#56 /var/www/html/vendor/laravel/framework/src/Illuminate/Pipeline/Pipeline.php(180): Illuminate\\Foundation\\Http\\Kernel->{closure:Illuminate\\Foundation\\Http\\Kernel::dispatchToRouter():197}()
#57 /var/www/html/vendor/livewire/livewire/src/Features/SupportDisablingBackButtonCache/DisableBackButtonCacheMiddleware.php(19): Illuminate\\Pipeline\\Pipeline->{closure:Illuminate\\Pipeline\\Pipeline::prepareDestination():178}()
#58 /var/www/html/vendor/laravel/framework/src/Illuminate/Pipeline/Pipeline.php(219): Livewire\\Features\\SupportDisablingBackButtonCache\\DisableBackButtonCacheMiddleware->handle()
#59 /var/www/html/vendor/laravel/framework/src/Illuminate/Foundation/Http/Middleware/TransformsRequest.php(21): Illuminate\\Pipeline\\Pipeline->{closure:{closure:Illuminate\\Pipeline\\Pipeline::carry():194}:195}()
#60 /var/www/html/vendor/laravel/framework/src/Illuminate/Foundation/Http/Middleware/ConvertEmptyStringsToNull.php(31): Illuminate\\Foundation\\Http\\Middleware\\TransformsRequest->handle()
#61 /var/www/html/vendor/laravel/framework/src/Illuminate/Pipeline/Pipeline.php(219): Illuminate\\Foundation\\Http\\Middleware\\ConvertEmptyStringsToNull->handle()
#62 /var/www/html/vendor/laravel/framework/src/Illuminate/Foundation/Http/Middleware/TransformsRequest.php(21): Illuminate\\Pipeline\\Pipeline->{closure:{closure:Illuminate\\Pipeline\\Pipeline::carry():194}:195}()
#63 /var/www/html/vendor/laravel/framework/src/Illuminate/Foundation/Http/Middleware/TrimStrings.php(51): Illuminate\\Foundation\\Http\\Middleware\\TransformsRequest->handle()
#64 /var/www/html/vendor/laravel/framework/src/Illuminate/Pipeline/Pipeline.php(219): Illuminate\\Foundation\\Http\\Middleware\\TrimStrings->handle()
#65 /var/www/html/vendor/laravel/framework/src/Illuminate/Http/Middleware/ValidatePostSize.php(27): Illuminate\\Pipeline\\Pipeline->{closure:{closure:Illuminate\\Pipeline\\Pipeline::carry():194}:195}()
#66 /var/www/html/vendor/laravel/framework/src/Illuminate/Pipeline/Pipeline.php(219): Illuminate\\Http\\Middleware\\ValidatePostSize->handle()
#67 /var/www/html/vendor/laravel/framework/src/Illuminate/Foundation/Http/Middleware/PreventRequestsDuringMaintenance.php(109): Illuminate\\Pipeline\\Pipeline->{closure:{closure:Illuminate\\Pipeline\\Pipeline::carry():194}:195}()
#68 /var/www/html/vendor/laravel/framework/src/Illuminate/Pipeline/Pipeline.php(219): Illuminate\\Foundation\\Http\\Middleware\\PreventRequestsDuringMaintenance->handle()
#69 /var/www/html/vendor/laravel/framework/src/Illuminate/Http/Middleware/HandleCors.php(61): Illuminate\\Pipeline\\Pipeline->{closure:{closure:Illuminate\\Pipeline\\Pipeline::carry():194}:195}()
#70 /var/www/html/vendor/laravel/framework/src/Illuminate/Pipeline/Pipeline.php(219): Illuminate\\Http\\Middleware\\HandleCors->handle()
#71 /var/www/html/vendor/laravel/framework/src/Illuminate/Http/Middleware/TrustProxies.php(58): Illuminate\\Pipeline\\Pipeline->{closure:{closure:Illuminate\\Pipeline\\Pipeline::carry():194}:195}()
#72 /var/www/html/vendor/laravel/framework/src/Illuminate/Pipeline/Pipeline.php(219): Illuminate\\Http\\Middleware\\TrustProxies->handle()
#73 /var/www/html/vendor/laravel/framework/src/Illuminate/Foundation/Http/Middleware/InvokeDeferredCallbacks.php(22): Illuminate\\Pipeline\\Pipeline->{closure:{closure:Illuminate\\Pipeline\\Pipeline::carry():194}:195}()
#74 /var/www/html/vendor/laravel/framework/src/Illuminate/Pipeline/Pipeline.php(219): Illuminate\\Foundation\\Http\\Middleware\\InvokeDeferredCallbacks->handle()
#75 /var/www/html/vendor/laravel/framework/src/Illuminate/Http/Middleware/ValidatePathEncoding.php(28): Illuminate\\Pipeline\\Pipeline->{closure:{closure:Illuminate\\Pipeline\\Pipeline::carry():194}:195}()
#76 /var/www/html/vendor/laravel/framework/src/Illuminate/Pipeline/Pipeline.php(219): Illuminate\\Http\\Middleware\\ValidatePathEncoding->handle()
#77 /var/www/html/vendor/laravel/framework/src/Illuminate/Pipeline/Pipeline.php(137): Illuminate\\Pipeline\\Pipeline->{closure:{closure:Illuminate\\Pipeline\\Pipeline::carry():194}:195}()
#78 /var/www/html/vendor/laravel/framework/src/Illuminate/Foundation/Http/Kernel.php(175): Illuminate\\Pipeline\\Pipeline->then()
#79 /var/www/html/vendor/laravel/framework/src/Illuminate/Foundation/Http/Kernel.php(144): Illuminate\\Foundation\\Http\\Kernel->sendRequestThroughRouter()
#80 /var/www/html/vendor/laravel/framework/src/Illuminate/Foundation/Testing/Concerns/MakesHttpRequests.php(607): Illuminate\\Foundation\\Http\\Kernel->handle()
#81 /var/www/html/vendor/laravel/framework/src/Illuminate/Foundation/Testing/Concerns/MakesHttpRequests.php(368): Illuminate\\Foundation\\Testing\\TestCase->call()
#82 /var/www/html/tests/Feature/PosPagesTest.php(10): Illuminate\\Foundation\\Testing\\TestCase->get()
#83 /var/www/html/vendor/pestphp/pest/src/Factories/TestCaseMethodFactory.php(172): P\\Tests\\Feature\\PosPagesTest->{closure:/var/www/html/tests/Feature/PosPagesTest.php:9}()
#84 [internal function]: P\\Tests\\Feature\\PosPagesTest->{closure:Pest\\Factories\\TestCaseMethodFactory::getClosure():162}()
#85 /var/www/html/vendor/pestphp/pest/src/Concerns/Testable.php(429): call_user_func_array()
#86 /var/www/html/vendor/pestphp/pest/src/Support/ExceptionTrace.php(26): P\\Tests\\Feature\\PosPagesTest->{closure:Pest\\Concerns\\Testable::__callClosure():429}()
#87 /var/www/html/vendor/pestphp/pest/src/Concerns/Testable.php(429): Pest\\Support\\ExceptionTrace::ensure()
#88 /var/www/html/vendor/pestphp/pest/src/Concerns/Testable.php(331): P\\Tests\\Feature\\PosPagesTest->__callClosure()
#89 /var/www/html/vendor/pestphp/pest/src/Factories/TestCaseFactory.php(175) : eval()'d code(17): P\\Tests\\Feature\\PosPagesTest->__runTest()
#90 /var/www/html/vendor/phpunit/phpunit/src/Framework/TestCase.php(1332): P\\Tests\\Feature\\PosPagesTest->__pest_evaluable_customer_ordering_page_is_public()
#91 /var/www/html/vendor/phpunit/phpunit/src/Framework/TestCase.php(519): PHPUnit\\Framework\\TestCase->runTest()
#92 /var/www/html/vendor/phpunit/phpunit/src/Framework/TestRunner/TestRunner.php(99): PHPUnit\\Framework\\TestCase->runBare()
#93 /var/www/html/vendor/phpunit/phpunit/src/Framework/TestCase.php(359): PHPUnit\\Framework\\TestRunner->run()
#94 /var/www/html/vendor/phpunit/phpunit/src/Framework/TestSuite.php(374): PHPUnit\\Framework\\TestCase->run()
#95 /var/www/html/vendor/phpunit/phpunit/src/Framework/TestSuite.php(374): PHPUnit\\Framework\\TestSuite->run()
#96 /var/www/html/vendor/phpunit/phpunit/src/Framework/TestSuite.php(374): PHPUnit\\Framework\\TestSuite->run()
#97 /var/www/html/vendor/phpunit/phpunit/src/TextUI/TestRunner.php(64): PHPUnit\\Framework\\TestSuite->run()
#98 /var/www/html/vendor/phpunit/phpunit/src/TextUI/Application.php(229): PHPUnit\\TextUI\\TestRunner->run()
#99 /var/www/html/vendor/pestphp/pest/src/Kernel.php(103): PHPUnit\\TextUI\\Application->run()
#100 /var/www/html/vendor/pestphp/pest/bin/pest(184): Pest\\Kernel->handle()
#101 /var/www/html/vendor/pestphp/pest/bin/pest(192): {closure:/var/www/html/vendor/pestphp/pest/bin/pest:18}()
#102 {main}
"} 
[2026-09-26 10:23:10] local.ERROR: php_network_getaddresses: getaddrinfo for redis failed: Temporary failure in name resolution {"exception":"[object] (RedisException(code: 0): php_network_getaddresses: getaddrinfo for redis failed: Temporary failure in name resolution at /var/www/html/vendor/laravel/framework/src/Illuminate/Redis/Connectors/PhpRedisConnector.php:185)
[stacktrace]
#0 /var/www/html/vendor/laravel/framework/src/Illuminate/Redis/Connectors/PhpRedisConnector.php(185): Redis->connect()
#1 /var/www/html/vendor/laravel/framework/src/Illuminate/Redis/Connectors/PhpRedisConnector.php(89): Illuminate\\Redis\\Connectors\\PhpRedisConnector->establishConnection()
#2 /var/www/html/vendor/laravel/framework/src/Illuminate/Support/helpers.php(393): Illuminate\\Redis\\Connectors\\PhpRedisConnector->{closure:Illuminate\\Redis\\Connectors\\PhpRedisConnector::createClient():80}()
#3 /var/www/html/vendor/laravel/framework/src/Illuminate/Redis/Connectors/PhpRedisConnector.php(80): tap()
#4 /var/www/html/vendor/laravel/framework/src/Illuminate/Redis/Connectors/PhpRedisConnector.php(34): Illuminate\\Redis\\Connectors\\PhpRedisConnector->createClient()
#5 [internal function]: Illuminate\\Redis\\Connectors\\PhpRedisConnector->{closure:Illuminate\\Redis\\Connectors\\PhpRedisConnector::connect():33}()
#6 /var/www/html/vendor/laravel/framework/src/Illuminate/Redis/Connections/PhpRedisConnection.php(534): call_user_func()
#7 /var/www/html/vendor/laravel/framework/src/Illuminate/Redis/Connections/PhpRedisConnection.php(54): Illuminate\\Redis\\Connections\\PhpRedisConnection->command()
#8 /var/www/html/vendor/laravel/framework/src/Illuminate/Cache/RedisStore.php(84): Illuminate\\Redis\\Connections\\PhpRedisConnection->get()
#9 /var/www/html/vendor/laravel/framework/src/Illuminate/Cache/Repository.php(124): Illuminate\\Cache\\RedisStore->get()
#10 /var/www/html/vendor/laravel/framework/src/Illuminate/Console/Scheduling/ScheduleRunCommand.php(299): Illuminate\\Cache\\Repository->get()
#11 /var/www/html/vendor/laravel/framework/src/Illuminate/Console/Scheduling/ScheduleRunCommand.php(246): Illuminate\\Console\\Scheduling\\ScheduleRunCommand->isPaused()
#12 /var/www/html/vendor/laravel/framework/src/Illuminate/Console/Scheduling/ScheduleRunCommand.php(149): Illuminate\\Console\\Scheduling\\ScheduleRunCommand->repeatEvents()
#13 /var/www/html/vendor/laravel/framework/src/Illuminate/Container/BoundMethod.php(36): Illuminate\\Console\\Scheduling\\ScheduleRunCommand->handle()
#14 /var/www/html/vendor/laravel/framework/src/Illuminate/Container/Util.php(43): Illuminate\\Container\\BoundMethod::{closure:Illuminate\\Container\\BoundMethod::call():35}()
#15 /var/www/html/vendor/laravel/framework/src/Illuminate/Container/BoundMethod.php(96): Illuminate\\Container\\Util::unwrapIfClosure()
#16 /var/www/html/vendor/laravel/framework/src/Illuminate/Container/BoundMethod.php(35): Illuminate\\Container\\BoundMethod::callBoundMethod()
#17 /var/www/html/vendor/laravel/framework/src/Illuminate/Container/Container.php(799): Illuminate\\Container\\BoundMethod::call()
#18 /var/www/html/vendor/laravel/framework/src/Illuminate/Console/Command.php(280): Illuminate\\Container\\Container->call()
#19 /var/www/html/vendor/symfony/console/Command/Command.php(291): Illuminate\\Console\\Command->execute()
#20 /var/www/html/vendor/laravel/framework/src/Illuminate/Console/Command.php(249): Symfony\\Component\\Console\\Command\\Command->run()
#21 /var/www/html/vendor/symfony/console/Application.php(1107): Illuminate\\Console\\Command->run()
#22 /var/www/html/vendor/symfony/console/Application.php(356): Symfony\\Component\\Console\\Application->doRunCommand()
#23 /var/www/html/vendor/symfony/console/Application.php(195): Symfony\\Component\\Console\\Application->doRun()
#24 /var/www/html/vendor/laravel/framework/src/Illuminate/Foundation/Console/Kernel.php(198): Symfony\\Component\\Console\\Application->run()
#25 /var/www/html/vendor/laravel/framework/src/Illuminate/Foundation/Application.php(1235): Illuminate\\Foundation\\Console\\Kernel->handle()
#26 /var/www/html/artisan(16): Illuminate\\Foundation\\Application->handleCommand()
#27 {main}

[previous exception] [object] (ErrorException(code: 0): Redis::connect(): php_network_getaddresses: getaddrinfo for redis failed: Temporary failure in name resolution at /var/www/html/vendor/laravel/framework/src/Illuminate/Redis/Connectors/PhpRedisConnector.php:185)
[stacktrace]
#0 /var/www/html/vendor/laravel/framework/src/Illuminate/Foundation/Bootstrap/HandleExceptions.php(258): Illuminate\\Foundation\\Bootstrap\\HandleExceptions->handleError()
#1 [internal function]: Illuminate\\Foundation\\Bootstrap\\HandleExceptions->{closure:Illuminate\\Foundation\\Bootstrap\\HandleExceptions::forwardsTo():257}()
#2 /var/www/html/vendor/laravel/framework/src/Illuminate/Redis/Connectors/PhpRedisConnector.php(185): Redis->connect()
#3 /var/www/html/vendor/laravel/framework/src/Illuminate/Redis/Connectors/PhpRedisConnector.php(89): Illuminate\\Redis\\Connectors\\PhpRedisConnector->establishConnection()
#4 /var/www/html/vendor/laravel/framework/src/Illuminate/Support/helpers.php(393): Illuminate\\Redis\\Connectors\\PhpRedisConnector->{closure:Illuminate\\Redis\\Connectors\\PhpRedisConnector::createClient():80}()
#5 /var/www/html/vendor/laravel/framework/src/Illuminate/Redis/Connectors/PhpRedisConnector.php(80): tap()
#6 /var/www/html/vendor/laravel/framework/src/Illuminate/Redis/Connectors/PhpRedisConnector.php(34): Illuminate\\Redis\\Connectors\\PhpRedisConnector->createClient()
#7 [internal function]: Illuminate\\Redis\\Connectors\\PhpRedisConnector->{closure:Illuminate\\Redis\\Connectors\\PhpRedisConnector::connect():33}()
#8 /var/www/html/vendor/laravel/framework/src/Illuminate/Redis/Connections/PhpRedisConnection.php(534): call_user_func()
#9 /var/www/html/vendor/laravel/framework/src/Illuminate/Redis/Connections/PhpRedisConnection.php(54): Illuminate\\Redis\\Connections\\PhpRedisConnection->command()
#10 /var/www/html/vendor/laravel/framework/src/Illuminate/Cache/RedisStore.php(84): Illuminate\\Redis\\Connections\\PhpRedisConnection->get()
#11 /var/www/html/vendor/laravel/framework/src/Illuminate/Cache/Repository.php(124): Illuminate\\Cache\\RedisStore->get()
#12 /var/www/html/vendor/laravel/framework/src/Illuminate/Console/Scheduling/ScheduleRunCommand.php(299): Illuminate\\Cache\\Repository->get()
#13 /var/www/html/vendor/laravel/framework/src/Illuminate/Console/Scheduling/ScheduleRunCommand.php(246): Illuminate\\Console\\Scheduling\\ScheduleRunCommand->isPaused()
#14 /var/www/html/vendor/laravel/framework/src/Illuminate/Console/Scheduling/ScheduleRunCommand.php(149): Illuminate\\Console\\Scheduling\\ScheduleRunCommand->repeatEvents()
#15 /var/www/html/vendor/laravel/framework/src/Illuminate/Container/BoundMethod.php(36): Illuminate\\Console\\Scheduling\\ScheduleRunCommand->handle()
#16 /var/www/html/vendor/laravel/framework/src/Illuminate/Container/Util.php(43): Illuminate\\Container\\BoundMethod::{closure:Illuminate\\Container\\BoundMethod::call():35}()
#17 /var/www/html/vendor/laravel/framework/src/Illuminate/Container/BoundMethod.php(96): Illuminate\\Container\\Util::unwrapIfClosure()
#18 /var/www/html/vendor/laravel/framework/src/Illuminate/Container/BoundMethod.php(35): Illuminate\\Container\\BoundMethod::callBoundMethod()
#19 /var/www/html/vendor/laravel/framework/src/Illuminate/Container/Container.php(799): Illuminate\\Container\\BoundMethod::call()
#20 /var/www/html/vendor/laravel/framework/src/Illuminate/Console/Command.php(280): Illuminate\\Container\\Container->call()
#21 /var/www/html/vendor/symfony/console/Command/Command.php(291): Illuminate\\Console\\Command->execute()
#22 /var/www/html/vendor/laravel/framework/src/Illuminate/Console/Command.php(249): Symfony\\Component\\Console\\Command\\Command->run()
#23 /var/www/html/vendor/symfony/console/Application.php(1107): Illuminate\\Console\\Command->run()
#24 /var/www/html/vendor/symfony/console/Application.php(356): Symfony\\Component\\Console\\Application->doRunCommand()
#25 /var/www/html/vendor/symfony/console/Application.php(195): Symfony\\Component\\Console\\Application->doRun()
#26 /var/www/html/vendor/laravel/framework/src/Illuminate/Foundation/Console/Kernel.php(198): Symfony\\Component\\Console\\Application->run()
#27 /var/www/html/vendor/laravel/framework/src/Illuminate/Foundation/Application.php(1235): Illuminate\\Foundation\\Console\\Kernel->handle()
#28 /var/www/html/artisan(16): Illuminate\\Foundation\\Application->handleCommand()
#29 {main}
"} 
